"Id","Pred"
"2016_1112_1114",0.825702450393927
"2016_1112_1122",0.903295949378209
"2016_1112_1124",0.607235761097731
"2016_1112_1138",0.879956067426873
"2016_1112_1139",0.660172158973966
"2016_1112_1143",0.561200891813929
"2016_1112_1151",0.84548355121157
"2016_1112_1153",0.66097685314
"2016_1112_1160",0.726028877415101
"2016_1112_1163",0.659720962470699
"2016_1112_1167",0.891936313368158
"2016_1112_1173",0.679268941734112
"2016_1112_1181",0.524094931466405
"2016_1112_1192",0.924389409800149
"2016_1112_1195",0.917949372142436
"2016_1112_1201",0.861131783264122
"2016_1112_1211",0.665080245016685
"2016_1112_1214",0.933348650128241
"2016_1112_1218",0.828895821168301
"2016_1112_1221",0.916827643686242
"2016_1112_1231",0.483007247849082
"2016_1112_1233",0.828616752280793
"2016_1112_1234",0.605159645368448
"2016_1112_1235",0.577613576103191
"2016_1112_1242",0.390488104352783
"2016_1112_1246",0.480493599295841
"2016_1112_1268",0.577583487019967
"2016_1112_1274",0.514364186647805
"2016_1112_1276",0.750437938415077
"2016_1112_1277",0.353135384062655
"2016_1112_1292",0.891561861059329
"2016_1112_1314",0.39306697042223
"2016_1112_1320",0.796602293169022
"2016_1112_1323",0.64891048264046
"2016_1112_1328",0.473028006015572
"2016_1112_1332",0.477311638186535
"2016_1112_1333",0.727584540888358
"2016_1112_1338",0.71199417129751
"2016_1112_1344",0.737913553344903
"2016_1112_1345",0.486081674751939
"2016_1112_1355",0.823292125364218
"2016_1112_1371",0.633346916523131
"2016_1112_1372",0.758042447626902
"2016_1112_1380",0.940041478225805
"2016_1112_1386",0.692206169079676
"2016_1112_1392",0.837413922235415
"2016_1112_1393",0.731655267817467
"2016_1112_1396",0.792162676217524
"2016_1112_1400",0.660524527435106
"2016_1112_1401",0.506668625114283
"2016_1112_1403",0.714725933830414
"2016_1112_1409",0.769510634949628
"2016_1112_1421",0.881861648992673
"2016_1112_1423",0.82956594189126
"2016_1112_1425",0.714824729588519
"2016_1112_1428",0.535744362339107
"2016_1112_1433",0.684053833440444
"2016_1112_1435",0.680164252684072
"2016_1112_1437",0.408197844908761
"2016_1112_1438",0.421012600213734
"2016_1112_1451",0.907094735700485
"2016_1112_1452",0.444828788057377
"2016_1112_1453",0.869081678447656
"2016_1112_1455",0.632624584449805
"2016_1112_1458",0.667776806642076
"2016_1112_1462",0.476880558149363
"2016_1112_1463",0.753355829405779
"2016_1114_1122",0.719726087814193
"2016_1114_1124",0.294406158287496
"2016_1114_1138",0.6593261743854
"2016_1114_1139",0.313342709528622
"2016_1114_1143",0.25230900639343
"2016_1114_1151",0.55711809234175
"2016_1114_1153",0.307682567176559
"2016_1114_1160",0.414811024721899
"2016_1114_1163",0.302975355568207
"2016_1114_1167",0.641678456627421
"2016_1114_1173",0.350840705613276
"2016_1114_1181",0.219275051025135
"2016_1114_1192",0.767045078594434
"2016_1114_1195",0.730951404312341
"2016_1114_1201",0.604123002741346
"2016_1114_1211",0.29052553792501
"2016_1114_1214",0.779892903494504
"2016_1114_1218",0.506689313907032
"2016_1114_1221",0.761346327103496
"2016_1114_1231",0.175536766665171
"2016_1114_1233",0.532622930649289
"2016_1114_1234",0.272453596719753
"2016_1114_1235",0.272445714107022
"2016_1114_1242",0.137068044621346
"2016_1114_1246",0.181524893438496
"2016_1114_1268",0.257584663197711
"2016_1114_1274",0.21969266675393
"2016_1114_1276",0.421094278536644
"2016_1114_1277",0.106383805634929
"2016_1114_1292",0.662132006518372
"2016_1114_1314",0.137133122967858
"2016_1114_1320",0.496960032078913
"2016_1114_1323",0.337306929276441
"2016_1114_1328",0.191101914202624
"2016_1114_1332",0.198935395798373
"2016_1114_1333",0.442541878209686
"2016_1114_1338",0.376337928902129
"2016_1114_1344",0.427186674893177
"2016_1114_1345",0.175145773954902
"2016_1114_1355",0.522685480546703
"2016_1114_1371",0.310562081530334
"2016_1114_1372",0.375062324220643
"2016_1114_1380",0.794703543030207
"2016_1114_1386",0.355636136893113
"2016_1114_1392",0.525151468150393
"2016_1114_1393",0.413889511793882
"2016_1114_1396",0.517501437050602
"2016_1114_1400",0.359549797875555
"2016_1114_1401",0.205158816186074
"2016_1114_1403",0.415191038859971
"2016_1114_1409",0.46088290609602
"2016_1114_1421",0.632511339273815
"2016_1114_1423",0.534093471567076
"2016_1114_1425",0.392106894701028
"2016_1114_1428",0.239749647431314
"2016_1114_1433",0.324978099466381
"2016_1114_1435",0.323053756818301
"2016_1114_1437",0.140565843262095
"2016_1114_1438",0.159619341469981
"2016_1114_1451",0.689221006954897
"2016_1114_1452",0.159509113767727
"2016_1114_1453",0.62438434676006
"2016_1114_1455",0.259457521973247
"2016_1114_1458",0.356594740929032
"2016_1114_1462",0.192148606109736
"2016_1114_1463",0.402982712289599
"2016_1122_1124",0.0940531138405363
"2016_1122_1138",0.336014703134294
"2016_1122_1139",0.0575423843529702
"2016_1122_1143",0.0686604833618319
"2016_1122_1151",0.137500096164
"2016_1122_1153",0.0487127118365206
"2016_1122_1160",0.151039375871057
"2016_1122_1163",0.0440798920271829
"2016_1122_1167",0.152100971072267
"2016_1122_1173",0.0953740801420557
"2016_1122_1181",0.0492591396081846
"2016_1122_1192",0.496145267198026
"2016_1122_1195",0.32674614457094
"2016_1122_1201",0.219463538468873
"2016_1122_1211",0.028823134467888
"2016_1122_1214",0.437130694942477
"2016_1122_1218",0.0813513445321238
"2016_1122_1221",0.577103342953199
"2016_1122_1231",0.0223206187569333
"2016_1122_1233",0.14268895585563
"2016_1122_1234",0.0555712264838658
"2016_1122_1235",0.0896027719606641
"2016_1122_1242",0.0235761919959852
"2016_1122_1246",0.0292240089909066
"2016_1122_1268",0.0597258639144423
"2016_1122_1274",0.0590126661330835
"2016_1122_1276",0.104496229318027
"2016_1122_1277",0.00962968816112366
"2016_1122_1292",0.238669005144276
"2016_1122_1314",0.0224393701824339
"2016_1122_1320",0.163331926374429
"2016_1122_1323",0.1247620922526
"2016_1122_1328",0.0468990037830893
"2016_1122_1332",0.056436057117729
"2016_1122_1333",0.248602992602558
"2016_1122_1338",0.0904780831801952
"2016_1122_1344",0.153566892156124
"2016_1122_1345",0.0206917912459337
"2016_1122_1355",0.134150904066005
"2016_1122_1371",0.087730556277229
"2016_1122_1372",0.0308012684820374
"2016_1122_1380",0.428915167723231
"2016_1122_1386",0.0827576424167182
"2016_1122_1392",0.0921835813639049
"2016_1122_1393",0.135217280473332
"2016_1122_1396",0.264123443730363
"2016_1122_1400",0.165478514192785
"2016_1122_1401",0.0416725092560997
"2016_1122_1403",0.191890990292754
"2016_1122_1409",0.154003838610816
"2016_1122_1421",0.189233732008357
"2016_1122_1423",0.142930735308229
"2016_1122_1425",0.117786429461203
"2016_1122_1428",0.0745987805040696
"2016_1122_1433",0.0475245655838653
"2016_1122_1435",0.0500494846003514
"2016_1122_1437",0.0198663033569641
"2016_1122_1438",0.0360803219027159
"2016_1122_1451",0.218188036940496
"2016_1122_1452",0.0232510529986237
"2016_1122_1453",0.250352090083233
"2016_1122_1455",0.0231994286683035
"2016_1122_1458",0.137161143556299
"2016_1122_1462",0.0452937468559576
"2016_1122_1463",0.0656565713552201
"2016_1124_1138",0.745264514263678
"2016_1124_1139",0.4787288681023
"2016_1124_1143",0.423325568742345
"2016_1124_1151",0.698277345397937
"2016_1124_1153",0.478829830848639
"2016_1124_1160",0.568439517371537
"2016_1124_1163",0.476993616953576
"2016_1124_1167",0.756763510518904
"2016_1124_1173",0.520658494836963
"2016_1124_1181",0.386435016457544
"2016_1124_1192",0.819722112461809
"2016_1124_1195",0.804515162851228
"2016_1124_1201",0.710695310533796
"2016_1124_1211",0.462651475627991
"2016_1124_1214",0.838025861203242
"2016_1124_1218",0.662040300947375
"2016_1124_1221",0.805112411453491
"2016_1124_1231",0.337367407254931
"2016_1124_1233",0.664109627360751
"2016_1124_1234",0.438972961588155
"2016_1124_1235",0.440717527625021
"2016_1124_1242",0.289458675120687
"2016_1124_1246",0.344483243946044
"2016_1124_1268",0.429769136900027
"2016_1124_1274",0.386850092327231
"2016_1124_1276",0.570082320933175
"2016_1124_1277",0.248245969508205
"2016_1124_1292",0.757883311125775
"2016_1124_1314",0.29146460521529
"2016_1124_1320",0.634337731561105
"2016_1124_1323",0.497734938910901
"2016_1124_1328",0.356462252729612
"2016_1124_1332",0.3696391949943
"2016_1124_1333",0.581964203732336
"2016_1124_1338",0.530866476107593
"2016_1124_1344",0.574122796332635
"2016_1124_1345",0.339767434398989
"2016_1124_1355",0.663885871358352
"2016_1124_1371",0.479388246873243
"2016_1124_1372",0.547222373767438
"2016_1124_1380",0.85245434239792
"2016_1124_1386",0.525537703644064
"2016_1124_1392",0.675908009188443
"2016_1124_1393",0.556718812922658
"2016_1124_1396",0.639138961075833
"2016_1124_1400",0.511813506699875
"2016_1124_1401",0.37817106701854
"2016_1124_1403",0.556133930029299
"2016_1124_1409",0.596961673805127
"2016_1124_1421",0.739037878864021
"2016_1124_1423",0.665583584429606
"2016_1124_1425",0.553728612444163
"2016_1124_1428",0.408084401493558
"2016_1124_1433",0.495277799857261
"2016_1124_1435",0.481958728994114
"2016_1124_1437",0.29624544077859
"2016_1124_1438",0.31737949966991
"2016_1124_1451",0.787156434415275
"2016_1124_1452",0.320414746786222
"2016_1124_1453",0.724869933987162
"2016_1124_1455",0.427117548886721
"2016_1124_1458",0.509655327587266
"2016_1124_1462",0.359801667101187
"2016_1124_1463",0.562644350178722
"2016_1138_1139",0.112492442588547
"2016_1138_1143",0.115996632518458
"2016_1138_1151",0.242110272620182
"2016_1138_1153",0.103225920374347
"2016_1138_1160",0.212580983895899
"2016_1138_1163",0.0977291837554536
"2016_1138_1167",0.276433664676097
"2016_1138_1173",0.157475376910796
"2016_1138_1181",0.0916565029364076
"2016_1138_1192",0.534200482392898
"2016_1138_1195",0.426473964331895
"2016_1138_1201",0.306669637762102
"2016_1138_1211",0.0756185404221328
"2016_1138_1214",0.51624636762213
"2016_1138_1218",0.175743579698485
"2016_1138_1221",0.567784554141744
"2016_1138_1231",0.0549012597011987
"2016_1138_1233",0.232366718376259
"2016_1138_1234",0.104781559948425
"2016_1138_1235",0.137011076242717
"2016_1138_1242",0.0526589479013831
"2016_1138_1246",0.0645710956313744
"2016_1138_1268",0.108398223197789
"2016_1138_1274",0.101421015272635
"2016_1138_1276",0.174045840127902
"2016_1138_1277",0.0295930679520658
"2016_1138_1292",0.342285811346056
"2016_1138_1314",0.0515053170561293
"2016_1138_1320",0.239834899658988
"2016_1138_1323",0.175585123918376
"2016_1138_1328",0.085729407918275
"2016_1138_1332",0.0972937929891611
"2016_1138_1333",0.281396230729971
"2016_1138_1338",0.153177895885587
"2016_1138_1344",0.215062980906583
"2016_1138_1345",0.0529795566838175
"2016_1138_1355",0.226479418581826
"2016_1138_1371",0.14237838984566
"2016_1138_1372",0.0884905199757701
"2016_1138_1380",0.524092392232137
"2016_1138_1386",0.146761984743941
"2016_1138_1392",0.19122255312772
"2016_1138_1393",0.195495544203459
"2016_1138_1396",0.309264617242087
"2016_1138_1400",0.2075103955642
"2016_1138_1401",0.0832440728072567
"2016_1138_1403",0.236211719624956
"2016_1138_1409",0.220413863022392
"2016_1138_1421",0.297297002184644
"2016_1138_1423",0.233093234983015
"2016_1138_1425",0.183330543718797
"2016_1138_1428",0.118811504325321
"2016_1138_1433",0.104064190036674
"2016_1138_1435",0.104004806905238
"2016_1138_1437",0.0484516127677129
"2016_1138_1438",0.0698109700371859
"2016_1138_1451",0.344865554602554
"2016_1138_1452",0.0549620936935294
"2016_1138_1453",0.334092452053086
"2016_1138_1455",0.0635268618277351
"2016_1138_1458",0.186691033542062
"2016_1138_1462",0.0846786138690369
"2016_1138_1463",0.135209213165318
"2016_1139_1143",0.381657192060827
"2016_1139_1151",0.690724386700789
"2016_1139_1153",0.447183798102361
"2016_1139_1160",0.556256098033801
"2016_1139_1163",0.442637442001233
"2016_1139_1167",0.758951879538786
"2016_1139_1173",0.493283910396719
"2016_1139_1181",0.34111437156964
"2016_1139_1192",0.845408636754042
"2016_1139_1195",0.822064272355475
"2016_1139_1201",0.724297785058987
"2016_1139_1211",0.428896193132343
"2016_1139_1214",0.85651150335267
"2016_1139_1218",0.648305540025769
"2016_1139_1221",0.839027561458664
"2016_1139_1231",0.285507249866743
"2016_1139_1233",0.666271669201626
"2016_1139_1234",0.405206307740747
"2016_1139_1235",0.4044628466457
"2016_1139_1242",0.231670378790394
"2016_1139_1246",0.293088632016335
"2016_1139_1268",0.388531355914188
"2016_1139_1274",0.341258587058497
"2016_1139_1276",0.562617632641822
"2016_1139_1277",0.187604836435613
"2016_1139_1292",0.771297189281801
"2016_1139_1314",0.232185689630876
"2016_1139_1320",0.63375603329403
"2016_1139_1323",0.475877733078757
"2016_1139_1328",0.305088807763298
"2016_1139_1332",0.315810955791066
"2016_1139_1333",0.580018131566584
"2016_1139_1338",0.517629292668555
"2016_1139_1344",0.567422365662256
"2016_1139_1345",0.285654125196414
"2016_1139_1355",0.659213769178926
"2016_1139_1371",0.448606155131077
"2016_1139_1372",0.522428083967938
"2016_1139_1380",0.867688175975104
"2016_1139_1386",0.498844996526404
"2016_1139_1392",0.664329451729498
"2016_1139_1393",0.553356787508109
"2016_1139_1396",0.64868520355921
"2016_1139_1400",0.497700963043115
"2016_1139_1401",0.324800818548029
"2016_1139_1403",0.553393505668833
"2016_1139_1409",0.598762550881526
"2016_1139_1421",0.749024248636656
"2016_1139_1423",0.667624135002783
"2016_1139_1425",0.535057010463412
"2016_1139_1428",0.365727058935917
"2016_1139_1433",0.466536240408063
"2016_1139_1435",0.46192927228254
"2016_1139_1437",0.237374849676757
"2016_1139_1438",0.262696240478934
"2016_1139_1451",0.794180830888817
"2016_1139_1452",0.263897759919212
"2016_1139_1453",0.740283419772424
"2016_1139_1455",0.391919800205793
"2016_1139_1458",0.495161362891959
"2016_1139_1462",0.306944767041143
"2016_1139_1463",0.547355604490998
"2016_1143_1151",0.773706200109273
"2016_1143_1153",0.575419980463179
"2016_1143_1160",0.642961829283764
"2016_1143_1163",0.575501638771889
"2016_1143_1167",0.826002856495204
"2016_1143_1173",0.602393026283486
"2016_1143_1181",0.466365896871724
"2016_1143_1192",0.862782914042685
"2016_1143_1195",0.856544644513675
"2016_1143_1201",0.779212621930572
"2016_1143_1211",0.571791066643709
"2016_1143_1214",0.880448831043025
"2016_1143_1218",0.750632734431368
"2016_1143_1221",0.846752419265846
"2016_1143_1231",0.427154251309621
"2016_1143_1233",0.743103235452628
"2016_1143_1234",0.526869920211456
"2016_1143_1235",0.514086277727834
"2016_1143_1242",0.362901688380945
"2016_1143_1246",0.428684570673895
"2016_1143_1268",0.512237381249382
"2016_1143_1274",0.461572962707654
"2016_1143_1276",0.656338263949555
"2016_1143_1277",0.329279584746982
"2016_1143_1292",0.820546729322828
"2016_1143_1314",0.366259780301613
"2016_1143_1320",0.710185663978997
"2016_1143_1323",0.571154452873846
"2016_1143_1328",0.430110312610801
"2016_1143_1332",0.439939879185537
"2016_1143_1333",0.644030317478068
"2016_1143_1338",0.618326921952114
"2016_1143_1344",0.649721592544837
"2016_1143_1345",0.431485430949274
"2016_1143_1355",0.742815017999614
"2016_1143_1371",0.559321273868716
"2016_1143_1372",0.661034872042169
"2016_1143_1380",0.8926800888523
"2016_1143_1386",0.611810264416947
"2016_1143_1392",0.761106935124034
"2016_1143_1393",0.636269518150982
"2016_1143_1396",0.703603037422924
"2016_1143_1400",0.579633968319929
"2016_1143_1401",0.458906210417317
"2016_1143_1403",0.625157507394265
"2016_1143_1409",0.675085013631781
"2016_1143_1421",0.807726898064267
"2016_1143_1423",0.744433690773277
"2016_1143_1425",0.63331256801336
"2016_1143_1428",0.480471900968191
"2016_1143_1433",0.594637539731911
"2016_1143_1435",0.581136068284023
"2016_1143_1437",0.375772460410402
"2016_1143_1438",0.388220658173088
"2016_1143_1451",0.846727771429364
"2016_1143_1452",0.403279692577118
"2016_1143_1453",0.78968186993569
"2016_1143_1455",0.537788323176864
"2016_1143_1458",0.58309415703064
"2016_1143_1462",0.434664739709014
"2016_1143_1463",0.659365675188952
"2016_1151_1153",0.234639423169656
"2016_1151_1160",0.341909052558047
"2016_1151_1163",0.229673028555504
"2016_1151_1167",0.539530863607502
"2016_1151_1173",0.281686375362369
"2016_1151_1181",0.171809292061917
"2016_1151_1192",0.697482134739735
"2016_1151_1195",0.647423694133447
"2016_1151_1201",0.511872934233755
"2016_1151_1211",0.212421458893307
"2016_1151_1214",0.708344272348105
"2016_1151_1218",0.402920369851263
"2016_1151_1221",0.6959894035165
"2016_1151_1231",0.130756457027755
"2016_1151_1233",0.437029563548277
"2016_1151_1234",0.211181190828349
"2016_1151_1235",0.220815480436776
"2016_1151_1242",0.105792006871001
"2016_1151_1246",0.138230553386387
"2016_1151_1268",0.202739971695102
"2016_1151_1274",0.175047102558993
"2016_1151_1276",0.335966617414664
"2016_1151_1277",0.077796706105446
"2016_1151_1292",0.569724077879128
"2016_1151_1314",0.105512447433411
"2016_1151_1320",0.410743414097434
"2016_1151_1323",0.276066103793859
"2016_1151_1328",0.151475741480897
"2016_1151_1332",0.160301280981649
"2016_1151_1333",0.377651717321291
"2016_1151_1338",0.297532542397349
"2016_1151_1344",0.351288851800776
"2016_1151_1345",0.129868833173059
"2016_1151_1355",0.428477788810676
"2016_1151_1371",0.24883092770139
"2016_1151_1372",0.274623056623535
"2016_1151_1380",0.724613113896037
"2016_1151_1386",0.282020497406974
"2016_1151_1392",0.421879861434839
"2016_1151_1393",0.335899616565433
"2016_1151_1396",0.441435613486152
"2016_1151_1400",0.299404413482614
"2016_1151_1401",0.160254747792517
"2016_1151_1403",0.346710486786683
"2016_1151_1409",0.377448168397776
"2016_1151_1421",0.534839862123355
"2016_1151_1423",0.438417335625749
"2016_1151_1425",0.318130566762524
"2016_1151_1428",0.193501161276386
"2016_1151_1433",0.246607197190593
"2016_1151_1435",0.244446989837485
"2016_1151_1437",0.106554164336821
"2016_1151_1438",0.125883731038352
"2016_1151_1451",0.595784723583086
"2016_1151_1452",0.120882076017193
"2016_1151_1453",0.534685179604233
"2016_1151_1455",0.186800375389768
"2016_1151_1458",0.292248071897962
"2016_1151_1462",0.151963271293181
"2016_1151_1463",0.311530578357742
"2016_1153_1160",0.556676778304983
"2016_1153_1163",0.452700110345695
"2016_1153_1167",0.771613449778883
"2016_1153_1173",0.495080785451069
"2016_1153_1181",0.340140798448113
"2016_1153_1192",0.849466134133189
"2016_1153_1195",0.829539885266544
"2016_1153_1201",0.732520547560757
"2016_1153_1211",0.444908520408046
"2016_1153_1214",0.861811040268497
"2016_1153_1218",0.663498704286009
"2016_1153_1221",0.841321483876682
"2016_1153_1231",0.290001458849235
"2016_1153_1233",0.676478654306942
"2016_1153_1234",0.409027823610517
"2016_1153_1235",0.400019617444987
"2016_1153_1242",0.229831946034585
"2016_1153_1246",0.294733099806524
"2016_1153_1268",0.388663010778206
"2016_1153_1274",0.337569636480807
"2016_1153_1276",0.570805199615595
"2016_1153_1277",0.190525422245963
"2016_1153_1292",0.780305943577569
"2016_1153_1314",0.230706812094209
"2016_1153_1320",0.63954257383404
"2016_1153_1323",0.472924223725306
"2016_1153_1328",0.301211190843496
"2016_1153_1332",0.309632960515313
"2016_1153_1333",0.574370058824174
"2016_1153_1338",0.524534388280739
"2016_1153_1344",0.569271225419095
"2016_1153_1345",0.290765122445124
"2016_1153_1355",0.668795179816232
"2016_1153_1371",0.448358614413121
"2016_1153_1372",0.545166795715507
"2016_1153_1380",0.873176814146928
"2016_1153_1386",0.503553775477832
"2016_1153_1392",0.678624772528037
"2016_1153_1393",0.557278838453636
"2016_1153_1396",0.648543999745931
"2016_1153_1400",0.492422074093057
"2016_1153_1401",0.323640806561245
"2016_1153_1403",0.550977981014082
"2016_1153_1409",0.604043186198395
"2016_1153_1421",0.759842408316862
"2016_1153_1423",0.67784407932427
"2016_1153_1425",0.537396039683996
"2016_1153_1428",0.360649586589592
"2016_1153_1433",0.478054099839618
"2016_1153_1435",0.473947873039203
"2016_1153_1437",0.237807763081243
"2016_1153_1438",0.258700916231075
"2016_1153_1451",0.804033943357297
"2016_1153_1452",0.265160977862984
"2016_1153_1453",0.747543193905558
"2016_1153_1455",0.408182018706189
"2016_1153_1458",0.493108244363974
"2016_1153_1462",0.303419117852942
"2016_1153_1463",0.560994482333522
"2016_1160_1163",0.375843559582724
"2016_1160_1167",0.657695313860772
"2016_1160_1173",0.426113032806742
"2016_1160_1181",0.307656909984391
"2016_1160_1192",0.739742357680401
"2016_1160_1195",0.717895967312146
"2016_1160_1201",0.608398093838651
"2016_1160_1211",0.35555137366173
"2016_1160_1214",0.762642099496521
"2016_1160_1218",0.552093888385282
"2016_1160_1221",0.722375461523745
"2016_1160_1231",0.259954029642653
"2016_1160_1233",0.557129006251438
"2016_1160_1234",0.347441426273925
"2016_1160_1235",0.359034996525342
"2016_1160_1242",0.228278322397606
"2016_1160_1246",0.269211675269019
"2016_1160_1268",0.344644286661113
"2016_1160_1274",0.311218226106982
"2016_1160_1276",0.463539668567146
"2016_1160_1277",0.189681927337835
"2016_1160_1292",0.661281410273859
"2016_1160_1314",0.229806494750103
"2016_1160_1320",0.53170300457148
"2016_1160_1323",0.408323221111978
"2016_1160_1328",0.285959622390122
"2016_1160_1332",0.300672299502842
"2016_1160_1333",0.491613501888948
"2016_1160_1338",0.427232543284541
"2016_1160_1344",0.475286779098361
"2016_1160_1345",0.261716304478884
"2016_1160_1355",0.559413893000914
"2016_1160_1371",0.389346149064004
"2016_1160_1372",0.426771739777178
"2016_1160_1380",0.781600299290547
"2016_1160_1386",0.427309687837873
"2016_1160_1392",0.56785187667292
"2016_1160_1393",0.454453138375721
"2016_1160_1396",0.542346668558569
"2016_1160_1400",0.42319244423967
"2016_1160_1401",0.302152468198531
"2016_1160_1403",0.461455455513757
"2016_1160_1409",0.492627819911735
"2016_1160_1421",0.637698384964606
"2016_1160_1423",0.55874004623087
"2016_1160_1425",0.456522879702224
"2016_1160_1428",0.331182158828395
"2016_1160_1433",0.390441423011148
"2016_1160_1435",0.375576055920413
"2016_1160_1437",0.231380390334563
"2016_1160_1438",0.253428994864698
"2016_1160_1451",0.696504423547931
"2016_1160_1452",0.250144547592003
"2016_1160_1453",0.625367614849538
"2016_1160_1455",0.322985632623355
"2016_1160_1458",0.417352950151177
"2016_1160_1462",0.288747568910755
"2016_1160_1463",0.451045265257788
"2016_1163_1167",0.711809615459071
"2016_1163_1173",0.410370355456961
"2016_1163_1181",0.258765134091298
"2016_1163_1192",0.826218999919227
"2016_1163_1195",0.794213054565499
"2016_1163_1201",0.679675189312893
"2016_1163_1211",0.348327128849825
"2016_1163_1214",0.835149421158736
"2016_1163_1218",0.579595912453914
"2016_1163_1221",0.823285372778873
"2016_1163_1231",0.208277264324609
"2016_1163_1233",0.608667544704799
"2016_1163_1234",0.323847690485539
"2016_1163_1235",0.320049145445474
"2016_1163_1242",0.159476533843879
"2016_1163_1246",0.21445784191118
"2016_1163_1268",0.303626675766745
"2016_1163_1274",0.258226557864448
"2016_1163_1276",0.493324430744447
"2016_1163_1277",0.123581934616606
"2016_1163_1292",0.732855016328224
"2016_1163_1314",0.159333393102629
"2016_1163_1320",0.571020721489654
"2016_1163_1323",0.395995813840607
"2016_1163_1328",0.223748540388761
"2016_1163_1332",0.23135675010035
"2016_1163_1333",0.511519273351867
"2016_1163_1338",0.444259210335281
"2016_1163_1344",0.497247508893319
"2016_1163_1345",0.207442583558239
"2016_1163_1355",0.596191868494114
"2016_1163_1371",0.36518226083955
"2016_1163_1372",0.445117697793821
"2016_1163_1380",0.846470645130523
"2016_1163_1386",0.416824450270641
"2016_1163_1392",0.597975948355387
"2016_1163_1393",0.485667619177829
"2016_1163_1396",0.592345399635107
"2016_1163_1400",0.421447836138674
"2016_1163_1401",0.240316539432957
"2016_1163_1403",0.484665495663982
"2016_1163_1409",0.535876589573785
"2016_1163_1421",0.70560306380983
"2016_1163_1423",0.610044369273998
"2016_1163_1425",0.456990822247273
"2016_1163_1428",0.281416986649962
"2016_1163_1433",0.385930795780024
"2016_1163_1435",0.386980961682579
"2016_1163_1437",0.164088301632192
"2016_1163_1438",0.186166164457614
"2016_1163_1451",0.754958067966556
"2016_1163_1452",0.187275921494543
"2016_1163_1453",0.698579707580111
"2016_1163_1455",0.313356455303707
"2016_1163_1458",0.419442185315868
"2016_1163_1462",0.224685684754952
"2016_1163_1463",0.474037356010946
"2016_1167_1173",0.0816531550445843
"2016_1167_1181",0.0389475088969408
"2016_1167_1192",0.482792100448412
"2016_1167_1195",0.363504837992372
"2016_1167_1201",0.234183384588124
"2016_1167_1211",0.0414618594782445
"2016_1167_1214",0.456143466250179
"2016_1167_1218",0.113603353647846
"2016_1167_1221",0.526792616526982
"2016_1167_1231",0.0226475760419627
"2016_1167_1233",0.161839559960834
"2016_1167_1234",0.0515378127332113
"2016_1167_1235",0.0622285263030556
"2016_1167_1242",0.0182199043940631
"2016_1167_1246",0.026082896320538
"2016_1167_1268",0.0489868589893229
"2016_1167_1274",0.0420128500980447
"2016_1167_1276",0.108620624408535
"2016_1167_1277",0.00992355785004859
"2016_1167_1292",0.272133713443834
"2016_1167_1314",0.0177060835871538
"2016_1167_1320",0.157389098014508
"2016_1167_1323",0.0908669074968894
"2016_1167_1328",0.0331132651147143
"2016_1167_1332",0.0365148248584847
"2016_1167_1333",0.168685499908287
"2016_1167_1338",0.0903939190868562
"2016_1167_1344",0.129645253099499
"2016_1167_1345",0.0216496937221654
"2016_1167_1355",0.1498458670968
"2016_1167_1371",0.0702535965524469
"2016_1167_1372",0.0551067570038129
"2016_1167_1380",0.460536997466702
"2016_1167_1386",0.0780765277337469
"2016_1167_1392",0.125210094040505
"2016_1167_1393",0.121276861687944
"2016_1167_1396",0.210364487401749
"2016_1167_1400",0.112007686006218
"2016_1167_1401",0.0330586308765716
"2016_1167_1403",0.141674847086617
"2016_1167_1409",0.144422333836348
"2016_1167_1421",0.229786703844584
"2016_1167_1423",0.162331941658466
"2016_1167_1425",0.101935763346311
"2016_1167_1428",0.0505199449133266
"2016_1167_1433",0.0571029734489977
"2016_1167_1435",0.0604667846010904
"2016_1167_1437",0.0172381417752332
"2016_1167_1438",0.0251512185092975
"2016_1167_1451",0.269055532600375
"2016_1167_1452",0.0207424739844944
"2016_1167_1453",0.259400715576719
"2016_1167_1455",0.034376385782466
"2016_1167_1458",0.102368129758375
"2016_1167_1462",0.0325305575428615
"2016_1167_1463",0.0833448012833422
"2016_1173_1181",0.38879071084454
"2016_1173_1192",0.820681164170735
"2016_1173_1195",0.808748945826347
"2016_1173_1201",0.715452232980948
"2016_1173_1211",0.476759295045039
"2016_1173_1214",0.840581805571016
"2016_1173_1218",0.673650731011866
"2016_1173_1221",0.803880075942453
"2016_1173_1231",0.344780374655398
"2016_1173_1233",0.671039935803496
"2016_1173_1234",0.443987027187671
"2016_1173_1235",0.43966855757158
"2016_1173_1242",0.292283335129571
"2016_1173_1246",0.349516760161967
"2016_1173_1268",0.432603454472703
"2016_1173_1274",0.38709779216577
"2016_1173_1276",0.576153220258721
"2016_1173_1277",0.255767940840828
"2016_1173_1292",0.76338880434418
"2016_1173_1314",0.294726331935555
"2016_1173_1320",0.638147995920479
"2016_1173_1323",0.496698936034622
"2016_1173_1328",0.357014356539843
"2016_1173_1332",0.368535224288248
"2016_1173_1333",0.577397853334358
"2016_1173_1338",0.536439745271297
"2016_1173_1344",0.575461852306949
"2016_1173_1345",0.34788436343488
"2016_1173_1355",0.67080607086896
"2016_1173_1371",0.481067603003093
"2016_1173_1372",0.565288360470734
"2016_1173_1380",0.855427179736241
"2016_1173_1386",0.530540924165618
"2016_1173_1392",0.686724959635812
"2016_1173_1393",0.559327514093499
"2016_1173_1396",0.637761540298099
"2016_1173_1400",0.508454757522473
"2016_1173_1401",0.381051627189794
"2016_1173_1403",0.554009787411127
"2016_1173_1409",0.600198208602681
"2016_1173_1421",0.746083352969561
"2016_1173_1423",0.672533180733661
"2016_1173_1425",0.55635197522559
"2016_1173_1428",0.407004948621274
"2016_1173_1433",0.505524339297749
"2016_1173_1435",0.491897454706216
"2016_1173_1437",0.301106018259596
"2016_1173_1438",0.318093791798024
"2016_1173_1451",0.793756735851721
"2016_1173_1452",0.325673827884638
"2016_1173_1453",0.72879789478126
"2016_1173_1455",0.44169159396817
"2016_1173_1458",0.508712474558254
"2016_1173_1462",0.360755652786966
"2016_1173_1463",0.57330900895642
"2016_1181_1192",0.886363322066224
"2016_1181_1195",0.880052092131269
"2016_1181_1201",0.809589079899149
"2016_1181_1211",0.605330670739863
"2016_1181_1214",0.900830953267256
"2016_1181_1218",0.779731043213634
"2016_1181_1221",0.873411061179678
"2016_1181_1231",0.448000154855823
"2016_1181_1233",0.774512404724993
"2016_1181_1234",0.554700678188553
"2016_1181_1235",0.536782745254937
"2016_1181_1242",0.374641233844347
"2016_1181_1246",0.448102243817598
"2016_1181_1268",0.535818294497373
"2016_1181_1274",0.480960470062231
"2016_1181_1276",0.690017649289657
"2016_1181_1277",0.340231237534054
"2016_1181_1292",0.847340137703924
"2016_1181_1314",0.377822306350076
"2016_1181_1320",0.741409048763488
"2016_1181_1323",0.598476085214989
"2016_1181_1328",0.446457271970706
"2016_1181_1332",0.454500430930785
"2016_1181_1333",0.673255673137524
"2016_1181_1338",0.651573326883348
"2016_1181_1344",0.680986495708756
"2016_1181_1345",0.452035158975844
"2016_1181_1355",0.772362511406751
"2016_1181_1371",0.585640189706469
"2016_1181_1372",0.696614080832955
"2016_1181_1380",0.911005541777147
"2016_1181_1386",0.640591202444402
"2016_1181_1392",0.789518547056259
"2016_1181_1393",0.66999141870089
"2016_1181_1396",0.735177255980125
"2016_1181_1400",0.607805625148008
"2016_1181_1401",0.476999169001885
"2016_1181_1403",0.656485778518777
"2016_1181_1409",0.70882190579939
"2016_1181_1421",0.835634877297511
"2016_1181_1423",0.775716695689718
"2016_1181_1425",0.662353450377458
"2016_1181_1428",0.500549441963298
"2016_1181_1433",0.626712673598645
"2016_1181_1435",0.61627019114505
"2016_1181_1437",0.389199476785433
"2016_1181_1438",0.40141184617443
"2016_1181_1451",0.869731039832425
"2016_1181_1452",0.419562992924823
"2016_1181_1453",0.819188564553631
"2016_1181_1455",0.571696432512235
"2016_1181_1458",0.612696208018072
"2016_1181_1462",0.450850687864239
"2016_1181_1463",0.69335935084946
"2016_1192_1195",0.258552431039896
"2016_1192_1201",0.162862788792429
"2016_1192_1211",0.0154663457042677
"2016_1192_1214",0.368361329568038
"2016_1192_1218",0.0484089277767714
"2016_1192_1221",0.54208116805914
"2016_1192_1231",0.0113794828792562
"2016_1192_1233",0.0967611784721781
"2016_1192_1234",0.0325805093046355
"2016_1192_1235",0.0556147060057671
"2016_1192_1242",0.0118679883993138
"2016_1192_1246",0.0153787872080832
"2016_1192_1268",0.0346959765760148
"2016_1192_1274",0.0342021697932159
"2016_1192_1276",0.0683075635520481
"2016_1192_1277",0.00430625289856869
"2016_1192_1292",0.177034053100559
"2016_1192_1314",0.0111667199192282
"2016_1192_1320",0.113708070682344
"2016_1192_1323",0.082899040727129
"2016_1192_1328",0.0260868076546363
"2016_1192_1332",0.0318121563022419
"2016_1192_1333",0.189445329130772
"2016_1192_1338",0.0579285307228477
"2016_1192_1344",0.106576956022634
"2016_1192_1345",0.0103736235478929
"2016_1192_1355",0.088314144658801
"2016_1192_1371",0.0543859811988183
"2016_1192_1372",0.0165250265791496
"2016_1192_1380",0.354566953590543
"2016_1192_1386",0.050559646960236
"2016_1192_1392",0.0558293757863415
"2016_1192_1393",0.0933832992847899
"2016_1192_1396",0.205388358108237
"2016_1192_1400",0.116762254505636
"2016_1192_1401",0.0225968438659698
"2016_1192_1403",0.14056789451567
"2016_1192_1409",0.10840070010534
"2016_1192_1421",0.133863510308963
"2016_1192_1423",0.0968596723958476
"2016_1192_1425",0.0765688092276798
"2016_1192_1428",0.0447924599797096
"2016_1192_1433",0.0271456818567441
"2016_1192_1435",0.0296335972138077
"2016_1192_1437",0.0097677630053062
"2016_1192_1438",0.0193113394139624
"2016_1192_1451",0.153864648382708
"2016_1192_1452",0.011736241063492
"2016_1192_1453",0.190563950782177
"2016_1192_1455",0.0122397266376286
"2016_1192_1458",0.0938732831588839
"2016_1192_1462",0.0249470128920912
"2016_1192_1463",0.0394963356387479
"2016_1195_1201",0.128760508320948
"2016_1195_1211",0.0113430246339493
"2016_1195_1214",0.315967374763433
"2016_1195_1218",0.0372936780162006
"2016_1195_1221",0.478127094000189
"2016_1195_1231",0.00713450023596702
"2016_1195_1233",0.0741605580209427
"2016_1195_1234",0.0212999005972801
"2016_1195_1235",0.0336282761296224
"2016_1195_1242",0.00668769345528322
"2016_1195_1246",0.00935470371663361
"2016_1195_1268",0.0215519780184401
"2016_1195_1274",0.0201356869633269
"2016_1195_1276",0.0495128700218217
"2016_1195_1277",0.00253058400403858
"2016_1195_1292",0.143973761285148
"2016_1195_1314",0.00630165469775458
"2016_1195_1320",0.0829905121064139
"2016_1195_1323",0.0529449146936257
"2016_1195_1328",0.0149834353052163
"2016_1195_1332",0.0178048317193076
"2016_1195_1333",0.127415469115086
"2016_1195_1338",0.0408764430487494
"2016_1195_1344",0.0737710320411342
"2016_1195_1345",0.00651813644054403
"2016_1195_1355",0.0661176810459901
"2016_1195_1371",0.0346618145340545
"2016_1195_1372",0.0131523336683433
"2016_1195_1380",0.304086142121853
"2016_1195_1386",0.0339999614295699
"2016_1195_1392",0.0429976774364161
"2016_1195_1393",0.0660001797235996
"2016_1195_1396",0.148797240554957
"2016_1195_1400",0.0750210080515671
"2016_1195_1401",0.0133648508456399
"2016_1195_1403",0.0953961182149332
"2016_1195_1409",0.0788010273277215
"2016_1195_1421",0.108360555283672
"2016_1195_1423",0.0742473000943078
"2016_1195_1425",0.0515554511104368
"2016_1195_1428",0.0263672477594551
"2016_1195_1433",0.0192739833253456
"2016_1195_1435",0.0215080859574963
"2016_1195_1437",0.00567106359197138
"2016_1195_1438",0.0108213087473975
"2016_1195_1451",0.12538511963676
"2016_1195_1452",0.00698046702247102
"2016_1195_1453",0.151327160635129
"2016_1195_1455",0.00898939142921497
"2016_1195_1458",0.0615326425598923
"2016_1195_1462",0.0143428076093453
"2016_1195_1463",0.0294793235788445
"2016_1201_1211",0.129078964022998
"2016_1201_1214",0.596468361986427
"2016_1201_1218",0.270095525599359
"2016_1201_1221",0.607886315444618
"2016_1201_1231",0.0877780972722369
"2016_1201_1233",0.31649871582642
"2016_1201_1234",0.150151382304959
"2016_1201_1235",0.175133086533189
"2016_1201_1242",0.0782819176750058
"2016_1201_1246",0.097588287358977
"2016_1201_1268",0.150505500020483
"2016_1201_1274",0.135809484282049
"2016_1201_1276",0.239902551913446
"2016_1201_1277",0.0512611974665363
"2016_1201_1292",0.437519673862003
"2016_1201_1314",0.0774831926348084
"2016_1201_1320",0.310131278789592
"2016_1201_1323",0.218831713931204
"2016_1201_1328",0.117206147324666
"2016_1201_1332",0.128534492816093
"2016_1201_1333",0.318777944556076
"2016_1201_1338",0.212200265494315
"2016_1201_1344",0.271111347408436
"2016_1201_1345",0.0862084574930467
"2016_1201_1355",0.311115091383225
"2016_1201_1371",0.188985981373049
"2016_1201_1372",0.159113069373825
"2016_1201_1380",0.610974438790231
"2016_1201_1386",0.204462127316794
"2016_1201_1392",0.287851736588719
"2016_1201_1393",0.252152735880797
"2016_1201_1396",0.360096046694494
"2016_1201_1400",0.245730326543917
"2016_1201_1401",0.119078427307202
"2016_1201_1403",0.280209944109334
"2016_1201_1409",0.283518409810126
"2016_1201_1421",0.396816474388265
"2016_1201_1423",0.317583647147581
"2016_1201_1425",0.240694701191496
"2016_1201_1428",0.153720950470127
"2016_1201_1433",0.16198607819785
"2016_1201_1435",0.159762190325483
"2016_1201_1437",0.0754802099307687
"2016_1201_1438",0.0972754978863904
"2016_1201_1451",0.454542807030455
"2016_1201_1452",0.0850172422167174
"2016_1201_1453",0.41539267765486
"2016_1201_1455",0.111021697356301
"2016_1201_1458",0.230762522835218
"2016_1201_1462",0.116883792629716
"2016_1201_1463",0.206066751977286
"2016_1211_1214",0.854316553440775
"2016_1211_1218",0.592040256217449
"2016_1211_1221",0.848072290948551
"2016_1211_1231",0.198170408016864
"2016_1211_1233",0.627194543795629
"2016_1211_1234",0.32134083757338
"2016_1211_1235",0.313170387836353
"2016_1211_1242",0.145662249989279
"2016_1211_1246",0.203567010600657
"2016_1211_1268",0.296313508296763
"2016_1211_1274",0.247654998948451
"2016_1211_1276",0.50634492729236
"2016_1211_1277",0.110831487732908
"2016_1211_1292",0.754652206973771
"2016_1211_1314",0.145201604092604
"2016_1211_1320",0.586340532730122
"2016_1211_1323",0.396647796005313
"2016_1211_1328",0.210986222575114
"2016_1211_1332",0.216898977219004
"2016_1211_1333",0.52122293079324
"2016_1211_1338",0.453627715815599
"2016_1211_1344",0.507828254491119
"2016_1211_1345",0.196756029020716
"2016_1211_1355",0.61084107648989
"2016_1211_1371",0.362571798814408
"2016_1211_1372",0.455454654892756
"2016_1211_1380",0.863796500571927
"2016_1211_1386",0.418330685440198
"2016_1211_1392",0.611014112407395
"2016_1211_1393",0.498936332374862
"2016_1211_1396",0.610180005744286
"2016_1211_1400",0.425035858544084
"2016_1211_1401",0.227706798186868
"2016_1211_1403",0.495442894606385
"2016_1211_1409",0.552419181694502
"2016_1211_1421",0.727113026132817
"2016_1211_1423",0.628498581798824
"2016_1211_1425",0.461552729259171
"2016_1211_1428",0.271644971015208
"2016_1211_1433",0.389235606960724
"2016_1211_1435",0.394791591261528
"2016_1211_1437",0.150594789865001
"2016_1211_1438",0.172411716252959
"2016_1211_1451",0.773341695739845
"2016_1211_1452",0.174597230540725
"2016_1211_1453",0.721336863491795
"2016_1211_1455",0.315002877703779
"2016_1211_1458",0.42421706091455
"2016_1211_1462",0.211511966434294
"2016_1211_1463",0.48536741207251
"2016_1214_1218",0.0436363182871545
"2016_1214_1221",0.408384864947352
"2016_1214_1231",0.01000071630488
"2016_1214_1233",0.077279494584315
"2016_1214_1234",0.025835977778152
"2016_1214_1235",0.0394718798577661
"2016_1214_1242",0.00969958225021038
"2016_1214_1246",0.0127818549010761
"2016_1214_1268",0.0267065257011425
"2016_1214_1274",0.0252596178544849
"2016_1214_1276",0.0534120532598984
"2016_1214_1277",0.00411160737982907
"2016_1214_1292",0.14000854744758
"2016_1214_1314",0.00924654384083105
"2016_1214_1320",0.0855215223349449
"2016_1214_1323",0.0579369737190712
"2016_1214_1328",0.0196408295732691
"2016_1214_1332",0.0232150740494321
"2016_1214_1333",0.124910446173634
"2016_1214_1338",0.0450693949337358
"2016_1214_1344",0.0767191339032019
"2016_1214_1345",0.00929321817919183
"2016_1214_1355",0.0712334633882734
"2016_1214_1371",0.0403057493468718
"2016_1214_1372",0.0167517075402146
"2016_1214_1380",0.282447085673801
"2016_1214_1386",0.0396837879548249
"2016_1214_1392",0.0495852455787417
"2016_1214_1393",0.0682141132925715
"2016_1214_1396",0.141604441061713
"2016_1214_1400",0.0780561425262713
"2016_1214_1401",0.0178698694994641
"2016_1214_1403",0.0952852436942592
"2016_1214_1409",0.0799642813762877
"2016_1214_1421",0.108823503861602
"2016_1214_1423",0.0774330527226076
"2016_1214_1425",0.057053960088781
"2016_1214_1428",0.0320443630499692
"2016_1214_1433",0.0236000757756566
"2016_1214_1435",0.0252531081784724
"2016_1214_1437",0.00837612140145164
"2016_1214_1438",0.0147861017971042
"2016_1214_1451",0.127780956889337
"2016_1214_1452",0.00999221344654515
"2016_1214_1453",0.144303915892913
"2016_1214_1455",0.0117962394033322
"2016_1214_1458",0.0651945452252269
"2016_1214_1462",0.018986128150302
"2016_1214_1463",0.0340660551689578
"2016_1218_1221",0.723900820407149
"2016_1218_1231",0.0799938315530324
"2016_1218_1233",0.386448101463081
"2016_1218_1234",0.152900000170294
"2016_1218_1235",0.162559460384926
"2016_1218_1242",0.0607711686398998
"2016_1218_1246",0.0864037007910534
"2016_1218_1268",0.142332949913314
"2016_1218_1274",0.119221621001533
"2016_1218_1276",0.281643873580666
"2016_1218_1277",0.0397935527324487
"2016_1218_1292",0.53981137334059
"2016_1218_1314",0.0599454864139868
"2016_1218_1320",0.36155943354373
"2016_1218_1323",0.220837407903164
"2016_1218_1328",0.0978380047324066
"2016_1218_1332",0.103858543315846
"2016_1218_1333",0.337948481557258
"2016_1218_1338",0.242041650030706
"2016_1218_1344",0.301288132781296
"2016_1218_1345",0.0781885978470815
"2016_1218_1355",0.368668832968309
"2016_1218_1371",0.187984557795038
"2016_1218_1372",0.201513734727405
"2016_1218_1380",0.715801435343522
"2016_1218_1386",0.216519629980087
"2016_1218_1392",0.347647890488735
"2016_1218_1393",0.289638354357834
"2016_1218_1396",0.411645850088037
"2016_1218_1400",0.250823934406589
"2016_1218_1401",0.102547108218396
"2016_1218_1403",0.305183615010636
"2016_1218_1409",0.333777529887744
"2016_1218_1421",0.495241790943505
"2016_1218_1423",0.387574072572049
"2016_1218_1425",0.257225105015978
"2016_1218_1428",0.136373972047631
"2016_1218_1433",0.181751561143374
"2016_1218_1435",0.187213009691712
"2016_1218_1437",0.0605045408269873
"2016_1218_1438",0.0770982157918804
"2016_1218_1451",0.552891111509837
"2016_1218_1452",0.0714961419079126
"2016_1218_1453",0.508970946344695
"2016_1218_1455",0.127710803724577
"2016_1218_1458",0.241919931105611
"2016_1218_1462",0.0973072904362144
"2016_1218_1463",0.247416153231789
"2016_1221_1231",0.0198532724933959
"2016_1221_1233",0.179696537589771
"2016_1221_1234",0.063496809465289
"2016_1221_1235",0.120470904791795
"2016_1221_1242",0.0224972434819951
"2016_1221_1246",0.0285944314760722
"2016_1221_1268",0.0697618844555255
"2016_1221_1274",0.0720436426008446
"2016_1221_1276",0.132306501639019
"2016_1221_1277",0.00679806325002279
"2016_1221_1292",0.314468430012427
"2016_1221_1314",0.0208464790538754
"2016_1221_1320",0.221873862417373
"2016_1221_1323",0.178531894877188
"2016_1221_1328",0.0540239601224313
"2016_1221_1332",0.0679442537691631
"2016_1221_1333",0.39095160820984
"2016_1221_1338",0.113608241960666
"2016_1221_1344",0.218519047869487
"2016_1221_1345",0.0176938124782623
"2016_1221_1355",0.163059351980494
"2016_1221_1371",0.112559175728463
"2016_1221_1372",0.0244257245340527
"2016_1221_1380",0.556299852373723
"2016_1221_1386",0.0985109853748235
"2016_1221_1392",0.094453417276084
"2016_1221_1393",0.190830494324433
"2016_1221_1396",0.402975167646902
"2016_1221_1400",0.254964877784366
"2016_1221_1401",0.0443176100279468
"2016_1221_1403",0.296537959373349
"2016_1221_1409",0.216741436237388
"2016_1221_1421",0.238203694532206
"2016_1221_1423",0.179677998317524
"2016_1221_1425",0.154997009102951
"2016_1221_1428",0.0969915175142322
"2016_1221_1433",0.0477745051705518
"2016_1221_1435",0.0533800503067469
"2016_1221_1437",0.0175147536670449
"2016_1221_1438",0.0393712167626325
"2016_1221_1451",0.264301600907547
"2016_1221_1452",0.0212246517965526
"2016_1221_1453",0.349094500314813
"2016_1221_1455",0.0192138409546512
"2016_1221_1458",0.201669971407231
"2016_1221_1462",0.0510568463504564
"2016_1221_1463",0.0697739760967358
"2016_1231_1233",0.854219977776082
"2016_1231_1234",0.647173023152935
"2016_1231_1235",0.614158232059376
"2016_1231_1242",0.432054938020986
"2016_1231_1246",0.52584590070798
"2016_1231_1268",0.618339952501623
"2016_1231_1274",0.55359250149482
"2016_1231_1276",0.783445191371062
"2016_1231_1277",0.400346317218524
"2016_1231_1292",0.908715145516225
"2016_1231_1314",0.435277379419976
"2016_1231_1320",0.823570923179774
"2016_1231_1323",0.682730614642357
"2016_1231_1328",0.512795939571452
"2016_1231_1332",0.515067701254953
"2016_1231_1333",0.753651650684217
"2016_1231_1338",0.747857466009612
"2016_1231_1344",0.768211085760597
"2016_1231_1345",0.535281596769947
"2016_1231_1355",0.849530084550618
"2016_1231_1371",0.670599145884737
"2016_1231_1372",0.79921005184287
"2016_1231_1380",0.949616857339536
"2016_1231_1386",0.729058814169075
"2016_1231_1392",0.86438594169124
"2016_1231_1393",0.763489502660816
"2016_1231_1396",0.815825708081947
"2016_1231_1400",0.691533361885731
"2016_1231_1401",0.549079474932335
"2016_1231_1403",0.743773062506798
"2016_1231_1409",0.798626092793678
"2016_1231_1421",0.901041940143465
"2016_1231_1423",0.855074080592805
"2016_1231_1425",0.747953104981622
"2016_1231_1428",0.573160640444561
"2016_1231_1433",0.72620537387214
"2016_1231_1435",0.722366287386761
"2016_1231_1437",0.452915745392504
"2016_1231_1438",0.46045851459833
"2016_1231_1451",0.922777868573487
"2016_1231_1452",0.490488143047161
"2016_1231_1453",0.888183566042506
"2016_1231_1455",0.682897022044937
"2016_1231_1458",0.700718911824828
"2016_1231_1462",0.517140443377998
"2016_1231_1463",0.789595254826903
"2016_1233_1234",0.151532673600577
"2016_1233_1235",0.171013763929917
"2016_1233_1242",0.0713024353106747
"2016_1233_1246",0.0933527438867401
"2016_1233_1268",0.147786518476853
"2016_1233_1274",0.129786283257061
"2016_1233_1276",0.255784708448359
"2016_1233_1277",0.0465421967248584
"2016_1233_1292",0.476940565539847
"2016_1233_1314",0.0704666564227562
"2016_1233_1320",0.3300650256662
"2016_1233_1323",0.220556816312336
"2016_1233_1328",0.109879138191478
"2016_1233_1332",0.119119850826344
"2016_1233_1333",0.327682510132024
"2016_1233_1338",0.223721858924131
"2016_1233_1344",0.283351399222008
"2016_1233_1345",0.0830992769822075
"2016_1233_1355",0.332900666985961
"2016_1233_1371",0.189252427039066
"2016_1233_1372",0.173894324196096
"2016_1233_1380",0.653557092034189
"2016_1233_1386",0.20945940488305
"2016_1233_1392",0.309846119187726
"2016_1233_1393",0.266880446337738
"2016_1233_1396",0.380925443941366
"2016_1233_1400",0.248928886266723
"2016_1233_1401",0.112839167817013
"2016_1233_1403",0.290901159970323
"2016_1233_1409",0.302975575568788
"2016_1233_1421",0.434163459413234
"2016_1233_1423",0.343941244456844
"2016_1233_1425",0.247649798979431
"2016_1233_1428",0.147568981395338
"2016_1233_1433",0.169361909909193
"2016_1233_1435",0.16991329954724
"2016_1233_1437",0.0695158558084385
"2016_1233_1438",0.0894119317484314
"2016_1233_1451",0.492310271611213
"2016_1233_1452",0.079733221282305
"2016_1233_1453",0.451590982505481
"2016_1233_1455",0.116958551197128
"2016_1233_1458",0.235994695503188
"2016_1233_1462",0.109445001053783
"2016_1233_1463",0.221250417483776
"2016_1234_1235",0.482657122667975
"2016_1234_1242",0.319507465197541
"2016_1234_1246",0.387553804640227
"2016_1234_1268",0.477252833408371
"2016_1234_1274",0.425284915403346
"2016_1234_1276",0.636243967615618
"2016_1234_1277",0.281613361029165
"2016_1234_1292",0.813455145980034
"2016_1234_1314",0.321913118164385
"2016_1234_1320",0.6947550787795
"2016_1234_1323",0.546224600267136
"2016_1234_1328",0.390977010197408
"2016_1234_1332",0.400454724130166
"2016_1234_1333",0.629198914196546
"2016_1234_1338",0.595368908872348
"2016_1234_1344",0.631272360720407
"2016_1234_1345",0.387703046928372
"2016_1234_1355",0.725999306787104
"2016_1234_1371",0.529701006473658
"2016_1234_1372",0.630797922646748
"2016_1234_1380",0.890336260134588
"2016_1234_1386",0.583649953935547
"2016_1234_1392",0.741444878787977
"2016_1234_1393",0.618428751268573
"2016_1234_1396",0.693403989423983
"2016_1234_1400",0.558680481788944
"2016_1234_1401",0.418067832528268
"2016_1234_1403",0.608899966588576
"2016_1234_1409",0.659817517802437
"2016_1234_1421",0.798462664597735
"2016_1234_1423",0.730065600153149
"2016_1234_1425",0.609506799071582
"2016_1234_1428",0.446219331880923
"2016_1234_1433",0.563548925539814
"2016_1234_1435",0.553366841132663
"2016_1234_1437",0.330837119211606
"2016_1234_1438",0.347394912806571
"2016_1234_1451",0.838285032982027
"2016_1234_1452",0.35946100062324
"2016_1234_1453",0.782584517701789
"2016_1234_1455",0.501336971315382
"2016_1234_1458",0.561224781378131
"2016_1234_1462",0.394706245382308
"2016_1234_1463",0.634950958497974
"2016_1235_1242",0.33058375333088
"2016_1235_1246",0.388302126715985
"2016_1235_1268",0.471294143065027
"2016_1235_1274",0.426171457143844
"2016_1235_1276",0.607631166044256
"2016_1235_1277",0.292712311724864
"2016_1235_1292",0.782928160368237
"2016_1235_1314",0.333411991116219
"2016_1235_1320",0.666798220399091
"2016_1235_1323",0.532521437232722
"2016_1235_1328",0.396446579888838
"2016_1235_1332",0.408909985952382
"2016_1235_1333",0.609041378051265
"2016_1235_1338",0.569694025040579
"2016_1235_1344",0.607330128581293
"2016_1235_1345",0.386871015376184
"2016_1235_1355",0.698432398162899
"2016_1235_1371",0.518207837408968
"2016_1235_1372",0.598652813600421
"2016_1235_1380",0.867711731808926
"2016_1235_1386",0.566242832490684
"2016_1235_1392",0.714295389605315
"2016_1235_1393",0.590834137685931
"2016_1235_1396",0.665254296741343
"2016_1235_1400",0.543114718963899
"2016_1235_1401",0.421225856331914
"2016_1235_1403",0.586013528607466
"2016_1235_1409",0.629780619074555
"2016_1235_1421",0.767175858795241
"2016_1235_1423",0.698972331395949
"2016_1235_1425",0.590518437889944
"2016_1235_1428",0.445977557993813
"2016_1235_1433",0.541280704740162
"2016_1235_1435",0.526238118092154
"2016_1235_1437",0.33981444323338
"2016_1235_1438",0.356932542230433
"2016_1235_1451",0.812104277178056
"2016_1235_1452",0.364735229456191
"2016_1235_1453",0.750336165171954
"2016_1235_1455",0.478120708985473
"2016_1235_1458",0.543176045550346
"2016_1235_1462",0.400541131896331
"2016_1235_1463",0.60568348068754
"2016_1242_1246",0.656826827059552
"2016_1242_1268",0.726170668534679
"2016_1242_1274",0.669583180667893
"2016_1242_1276",0.848370364659672
"2016_1242_1277",0.558559262195431
"2016_1242_1292",0.936117481126033
"2016_1242_1314",0.577926462569057
"2016_1242_1320",0.875286580732745
"2016_1242_1323",0.766588492783137
"2016_1242_1328",0.637337133617964
"2016_1242_1332",0.637769567433422
"2016_1242_1333",0.813775926539655
"2016_1242_1338",0.822296669971164
"2016_1242_1344",0.832405779460661
"2016_1242_1345",0.671869752848651
"2016_1242_1355",0.897660839131513
"2016_1242_1371",0.763222569391368
"2016_1242_1372",0.873259442443588
"2016_1242_1380",0.963892789910369
"2016_1242_1386",0.811630045229384
"2016_1242_1392",0.912045748909812
"2016_1242_1393",0.828743085482365
"2016_1242_1396",0.862623818310212
"2016_1242_1400",0.768290695783798
"2016_1242_1401",0.673895168931898
"2016_1242_1403",0.808386716934082
"2016_1242_1409",0.855129937258516
"2016_1242_1421",0.93200249971188
"2016_1242_1423",0.900190466222551
"2016_1242_1425",0.821503289352603
"2016_1242_1428",0.682921037268975
"2016_1242_1433",0.815032013827117
"2016_1242_1435",0.808891853716104
"2016_1242_1437",0.597247434692726
"2016_1242_1438",0.592440243869759
"2016_1242_1451",0.94783787204619
"2016_1242_1452",0.629665224910293
"2016_1242_1453",0.919868771071514
"2016_1242_1455",0.789136796748775
"2016_1242_1458",0.778656033313418
"2016_1242_1462",0.642693762191488
"2016_1242_1463",0.858707200797968
"2016_1246_1268",0.599663622531925
"2016_1246_1274",0.537743910073967
"2016_1246_1276",0.758364272415916
"2016_1246_1277",0.398416143785149
"2016_1246_1292",0.891842884693803
"2016_1246_1314",0.429967413503577
"2016_1246_1320",0.800496535364526
"2016_1246_1323",0.658709688498501
"2016_1246_1328",0.500452978750781
"2016_1246_1332",0.504019265654989
"2016_1246_1333",0.727156704008251
"2016_1246_1338",0.72221486848594
"2016_1246_1344",0.742862004772182
"2016_1246_1345",0.522444343412356
"2016_1246_1355",0.829594406981537
"2016_1246_1371",0.648871062497707
"2016_1246_1372",0.777892210150137
"2016_1246_1380",0.938656024498434
"2016_1246_1386",0.707164475552791
"2016_1246_1392",0.847037097172701
"2016_1246_1393",0.736360566178786
"2016_1246_1396",0.790064168099269
"2016_1246_1400",0.665577674453171
"2016_1246_1401",0.53627373586888
"2016_1246_1403",0.716234969862944
"2016_1246_1409",0.772608522633117
"2016_1246_1421",0.88368602429058
"2016_1246_1423",0.833964232605996
"2016_1246_1425",0.724940811182353
"2016_1246_1428",0.555951223383669
"2016_1246_1433",0.703538667295045
"2016_1246_1435",0.696482751915315
"2016_1246_1437",0.446368706352142
"2016_1246_1438",0.45168850515835
"2016_1246_1451",0.909121503317091
"2016_1246_1452",0.480852465377991
"2016_1246_1453",0.868241841114351
"2016_1246_1455",0.659940497232685
"2016_1246_1458",0.674648165576589
"2016_1246_1462",0.505278838135086
"2016_1246_1463",0.766359894991755
"2016_1268_1274",0.489483097615934
"2016_1268_1276",0.688722060242888
"2016_1268_1277",0.357793135297465
"2016_1268_1292",0.843150690488568
"2016_1268_1314",0.392740677585876
"2016_1268_1320",0.738779764844085
"2016_1268_1323",0.59996292874787
"2016_1268_1328",0.457130630275039
"2016_1268_1332",0.465506026702603
"2016_1268_1333",0.669978694326933
"2016_1268_1338",0.651453974737891
"2016_1268_1344",0.679196747028526
"2016_1268_1345",0.46457876050892
"2016_1268_1355",0.770956251996589
"2016_1268_1371",0.589544061558
"2016_1268_1372",0.69975280506417
"2016_1268_1380",0.907238238094789
"2016_1268_1386",0.643538241209658
"2016_1268_1392",0.789734628704411
"2016_1268_1393",0.667486621055941
"2016_1268_1396",0.730005421759615
"2016_1268_1400",0.607259574836922
"2016_1268_1401",0.488067055381327
"2016_1268_1403",0.653471372457581
"2016_1268_1409",0.705425437306743
"2016_1268_1421",0.832033659369261
"2016_1268_1423",0.773005310642307
"2016_1268_1425",0.663291741221626
"2016_1268_1428",0.507821270576854
"2016_1268_1433",0.630549913665482
"2016_1268_1435",0.61806729440902
"2016_1268_1437",0.404052540524069
"2016_1268_1438",0.413880400289887
"2016_1268_1451",0.867072862899587
"2016_1268_1452",0.433039957155542
"2016_1268_1453",0.814122523994764
"2016_1268_1455",0.577911842716322
"2016_1268_1458",0.612410903059912
"2016_1268_1462",0.461934503022717
"2016_1268_1463",0.694045990628388
"2016_1274_1276",0.714512794174035
"2016_1274_1277",0.404977389042357
"2016_1274_1292",0.85616378722853
"2016_1274_1314",0.436721852033015
"2016_1274_1320",0.760246456175322
"2016_1274_1323",0.629879294533698
"2016_1274_1328",0.497128822354437
"2016_1274_1332",0.505352138025434
"2016_1274_1333",0.692583550874194
"2016_1274_1338",0.679808527711633
"2016_1274_1344",0.703989296528976
"2016_1274_1345",0.508446529261739
"2016_1274_1355",0.791987108658219
"2016_1274_1371",0.622459323742688
"2016_1274_1372",0.731133083815852
"2016_1274_1380",0.914411922163078
"2016_1274_1386",0.674649607909631
"2016_1274_1392",0.811465689843978
"2016_1274_1393",0.692484723584351
"2016_1274_1396",0.748762944330246
"2016_1274_1400",0.63467743990643
"2016_1274_1401",0.529048415785866
"2016_1274_1403",0.677532500709328
"2016_1274_1409",0.727998018098088
"2016_1274_1421",0.846713579924705
"2016_1274_1423",0.792825667940253
"2016_1274_1425",0.691364795641337
"2016_1274_1428",0.544293404264669
"2016_1274_1433",0.664129485086239
"2016_1274_1435",0.650327855995629
"2016_1274_1437",0.448648172425294
"2016_1274_1438",0.455165910877434
"2016_1274_1451",0.879472249864533
"2016_1274_1452",0.476801683386432
"2016_1274_1453",0.828442676301393
"2016_1274_1455",0.616343483075383
"2016_1274_1458",0.640485089541435
"2016_1274_1462",0.50242391566271
"2016_1274_1463",0.722192764174756
"2016_1276_1277",0.0989811664038534
"2016_1276_1292",0.627483405827622
"2016_1276_1314",0.136895531566568
"2016_1276_1320",0.476851483298247
"2016_1276_1323",0.34134385000248
"2016_1276_1328",0.195686104585704
"2016_1276_1332",0.208330725748248
"2016_1276_1333",0.455677210709196
"2016_1276_1338",0.355409748169383
"2016_1276_1344",0.419114039680276
"2016_1276_1345",0.162277408991755
"2016_1276_1355",0.489904086802815
"2016_1276_1371",0.307612010695273
"2016_1276_1372",0.314312533969404
"2016_1276_1380",0.770872722148527
"2016_1276_1386",0.340174823335032
"2016_1276_1392",0.476835275813395
"2016_1276_1393",0.400461454177888
"2016_1276_1396",0.515701142971531
"2016_1276_1400",0.37002689351679
"2016_1276_1401",0.204018378888477
"2016_1276_1403",0.419026563761977
"2016_1276_1409",0.443115706497788
"2016_1276_1421",0.592005421780952
"2016_1276_1423",0.499282067844726
"2016_1276_1425",0.382499320871796
"2016_1276_1428",0.247465608233609
"2016_1276_1433",0.294084288634163
"2016_1276_1435",0.29141354519305
"2016_1276_1437",0.136804746287587
"2016_1276_1438",0.164291318724813
"2016_1276_1451",0.649529946216862
"2016_1276_1452",0.154011048239095
"2016_1276_1453",0.597501832237114
"2016_1276_1455",0.221882006524857
"2016_1276_1458",0.35872718382087
"2016_1276_1462",0.195951286713818
"2016_1276_1463",0.363496975035336
"2016_1277_1292",0.95584695033313
"2016_1277_1314",0.550162719465575
"2016_1277_1320",0.901785081583378
"2016_1277_1323",0.788131308085231
"2016_1277_1328",0.627138707750143
"2016_1277_1332",0.622454673482734
"2016_1277_1333",0.841744586656553
"2016_1277_1338",0.851784808104107
"2016_1277_1344",0.860581290486102
"2016_1277_1345",0.670484470581066
"2016_1277_1355",0.920165773146916
"2016_1277_1371",0.780728313231247
"2016_1277_1372",0.89870929003036
"2016_1277_1380",0.976519400783137
"2016_1277_1386",0.832856374260349
"2016_1277_1392",0.931330565764538
"2016_1277_1393",0.860646753739389
"2016_1277_1396",0.892767208766022
"2016_1277_1400",0.793256424479679
"2016_1277_1401",0.667670757507107
"2016_1277_1403",0.839032099512923
"2016_1277_1409",0.88604894538355
"2016_1277_1421",0.952250002569031
"2016_1277_1423",0.924859334699818
"2016_1277_1425",0.844714297199493
"2016_1277_1428",0.685151051401007
"2016_1277_1433",0.839816578755134
"2016_1277_1435",0.839935713284604
"2016_1277_1437",0.574979293565275
"2016_1277_1438",0.571952154167201
"2016_1277_1451",0.963311342930224
"2016_1277_1452",0.616649344181042
"2016_1277_1453",0.94356532183092
"2016_1277_1455",0.816019888081906
"2016_1277_1458",0.805318759500434
"2016_1277_1462",0.631629908212586
"2016_1277_1463",0.885883108476007
"2016_1292_1314",0.0493830516218889
"2016_1292_1320",0.244666475143332
"2016_1292_1323",0.16503494235166
"2016_1292_1328",0.0796082463381972
"2016_1292_1332",0.0879899382758304
"2016_1292_1333",0.258696064706126
"2016_1292_1338",0.158270036695136
"2016_1292_1344",0.211209973695675
"2016_1292_1345",0.055474571913633
"2016_1292_1355",0.240959835845923
"2016_1292_1371",0.137633519537729
"2016_1292_1372",0.10896728528746
"2016_1292_1380",0.545084822580587
"2016_1292_1386",0.148973668960811
"2016_1292_1392",0.215196782316468
"2016_1292_1393",0.195557730601727
"2016_1292_1396",0.298000313033075
"2016_1292_1400",0.190796890711079
"2016_1292_1401",0.0800911130617733
"2016_1292_1403",0.222865576802148
"2016_1292_1409",0.223281053120769
"2016_1292_1421",0.322916553476133
"2016_1292_1423",0.249266251257381
"2016_1292_1425",0.181374652634616
"2016_1292_1428",0.109100307532007
"2016_1292_1433",0.113668256503578
"2016_1292_1435",0.113898744720552
"2016_1292_1437",0.0478432435677569
"2016_1292_1438",0.0645074226197903
"2016_1292_1451",0.374684671054736
"2016_1292_1452",0.0547698833580812
"2016_1292_1453",0.347022945665916
"2016_1292_1455",0.0741038408415382
"2016_1292_1458",0.176781944021651
"2016_1292_1462",0.0790343477249758
"2016_1292_1463",0.14995956369704
"2016_1314_1320",0.85709489679036
"2016_1314_1323",0.734256630969038
"2016_1314_1328",0.585617705465864
"2016_1314_1332",0.586350911006875
"2016_1314_1333",0.79109508827403
"2016_1314_1338",0.795346888625383
"2016_1314_1344",0.808953996861897
"2016_1314_1345",0.617295089096088
"2016_1314_1355",0.881057183000131
"2016_1314_1371",0.727548890756758
"2016_1314_1372",0.848066920284816
"2016_1314_1380",0.959367641517877
"2016_1314_1386",0.780993608010129
"2016_1314_1392",0.895894957753589
"2016_1314_1393",0.805173297459431
"2016_1314_1396",0.845909614925551
"2016_1314_1400",0.738661338750677
"2016_1314_1401",0.623156294891799
"2016_1314_1403",0.784312676181136
"2016_1314_1409",0.835138011019763
"2016_1314_1421",0.921845684083791
"2016_1314_1423",0.884829764151272
"2016_1314_1425",0.794256383817625
"2016_1314_1428",0.638296557580003
"2016_1314_1433",0.782825045492398
"2016_1314_1435",0.777759225122953
"2016_1314_1437",0.536590785010134
"2016_1314_1438",0.536408703005227
"2016_1314_1451",0.939654031919594
"2016_1314_1452",0.572281692692339
"2016_1314_1453",0.909339245157251
"2016_1314_1455",0.750617262606594
"2016_1314_1458",0.749034655701211
"2016_1314_1462",0.590655338317592
"2016_1314_1463",0.834543822627991
"2016_1320_1323",0.274210586828122
"2016_1320_1328",0.154375276467509
"2016_1320_1332",0.1666018257658
"2016_1320_1333",0.379074960947529
"2016_1320_1338",0.27697885834586
"2016_1320_1344",0.337924922958929
"2016_1320_1345",0.122107338846858
"2016_1320_1355",0.395086740357036
"2016_1320_1371",0.243481143538008
"2016_1320_1372",0.230336170299952
"2016_1320_1380",0.689818908645461
"2016_1320_1386",0.267177038786971
"2016_1320_1392",0.378167218213836
"2016_1320_1393",0.318468761748688
"2016_1320_1396",0.429272647157217
"2016_1320_1400",0.300957532718557
"2016_1320_1401",0.159432031734447
"2016_1320_1403",0.341513800522719
"2016_1320_1409",0.355339856279184
"2016_1320_1421",0.489719620322432
"2016_1320_1423",0.402093386131044
"2016_1320_1425",0.30577902469798
"2016_1320_1428",0.19725384371059
"2016_1320_1433",0.222595271836556
"2016_1320_1435",0.219091658312744
"2016_1320_1437",0.105137185657683
"2016_1320_1438",0.129407860938951
"2016_1320_1451",0.550289835441583
"2016_1320_1452",0.118005467554173
"2016_1320_1453",0.499944818660378
"2016_1320_1455",0.161305781334443
"2016_1320_1458",0.287957510427376
"2016_1320_1462",0.154463424520367
"2016_1320_1463",0.278289373302653
"2016_1323_1328",0.299719736999537
"2016_1323_1332",0.314949809068908
"2016_1323_1333",0.523435623756433
"2016_1323_1338",0.452754830659079
"2016_1323_1344",0.504044721362089
"2016_1323_1345",0.271723972620706
"2016_1323_1355",0.585996601766654
"2016_1323_1371",0.411280040535022
"2016_1323_1372",0.445573382977798
"2016_1323_1380",0.805599143338143
"2016_1323_1386",0.449790069111675
"2016_1323_1392",0.59104791092555
"2016_1323_1393",0.483543437001616
"2016_1323_1396",0.575706228977997
"2016_1323_1400",0.451229943891719
"2016_1323_1401",0.315576199926535
"2016_1323_1403",0.49224020226785
"2016_1323_1409",0.522872864720562
"2016_1323_1421",0.665968106610911
"2016_1323_1423",0.587080520621117
"2016_1323_1425",0.481897740724312
"2016_1323_1428",0.349499308862742
"2016_1323_1433",0.410310786780749
"2016_1323_1435",0.397282630503706
"2016_1323_1437",0.239144206101508
"2016_1323_1438",0.264562181095311
"2016_1323_1451",0.7215112385892
"2016_1323_1452",0.259573121371848
"2016_1323_1453",0.656716418515203
"2016_1323_1455",0.338406273981558
"2016_1323_1458",0.44446558126659
"2016_1323_1462",0.302175398738603
"2016_1323_1463",0.474631697936294
"2016_1328_1332",0.54604690438719
"2016_1328_1333",0.731813039097771
"2016_1328_1338",0.726800577137756
"2016_1328_1344",0.746360434386276
"2016_1328_1345",0.558861009056118
"2016_1328_1355",0.828845590250042
"2016_1328_1371",0.667390475895903
"2016_1328_1372",0.780662619260814
"2016_1328_1380",0.932701917442
"2016_1328_1386",0.719612372388105
"2016_1328_1392",0.847280440662183
"2016_1328_1393",0.737392933217847
"2016_1328_1396",0.786830569121421
"2016_1328_1400",0.677094738837359
"2016_1328_1401",0.573943434897663
"2016_1328_1403",0.719890115913217
"2016_1328_1409",0.770662638868951
"2016_1328_1421",0.877498013206066
"2016_1328_1423",0.830381214125992
"2016_1328_1425",0.73416745256189
"2016_1328_1428",0.587201415358279
"2016_1328_1433",0.714012418789114
"2016_1328_1435",0.702423313791938
"2016_1328_1437",0.493583446326992
"2016_1328_1438",0.496696394297812
"2016_1328_1451",0.904526745020905
"2016_1328_1452",0.523390818443501
"2016_1328_1453",0.860785250528973
"2016_1328_1455",0.672710817004781
"2016_1328_1458",0.684652926211996
"2016_1328_1462",0.545455524217549
"2016_1328_1463",0.768691799260175
"2016_1332_1333",0.711582827479274
"2016_1332_1338",0.705073052455147
"2016_1332_1344",0.725909736527619
"2016_1332_1345",0.538031070380463
"2016_1332_1355",0.812092113832042
"2016_1332_1371",0.646497235952945
"2016_1332_1372",0.760218550260042
"2016_1332_1380",0.923965258343485
"2016_1332_1386",0.699218694786803
"2016_1332_1392",0.831785876171654
"2016_1332_1393",0.715811569201927
"2016_1332_1396",0.767583170162318
"2016_1332_1400",0.655801853968129
"2016_1332_1401",0.554403325344519
"2016_1332_1403",0.698586104478424
"2016_1332_1409",0.750200238401831
"2016_1332_1421",0.863374327909879
"2016_1332_1423",0.813121616853759
"2016_1332_1425",0.714117383240106
"2016_1332_1428",0.567184927601235
"2016_1332_1433",0.692304944459851
"2016_1332_1435",0.679289807170859
"2016_1332_1437",0.475186561796716
"2016_1332_1438",0.478565708714386
"2016_1332_1451",0.893183470234028
"2016_1332_1452",0.503989240452617
"2016_1332_1453",0.845274583035308
"2016_1332_1455",0.649104060713547
"2016_1332_1458",0.66301722980002
"2016_1332_1462",0.526411341492746
"2016_1332_1463",0.748195567256658
"2016_1333_1338",0.345273385138783
"2016_1333_1344",0.396090885172309
"2016_1333_1345",0.217866048059296
"2016_1333_1355",0.462023342295642
"2016_1333_1371",0.329919448998146
"2016_1333_1372",0.324112950648793
"2016_1333_1380",0.689764192918305
"2016_1333_1386",0.355209351789327
"2016_1333_1392",0.464555126164633
"2016_1333_1393",0.371037934327416
"2016_1333_1396",0.456867654581317
"2016_1333_1400",0.36231247946505
"2016_1333_1401",0.262736293866293
"2016_1333_1403",0.388446843816615
"2016_1333_1409",0.402158238466961
"2016_1333_1421",0.527241518772335
"2016_1333_1423",0.455995505461261
"2016_1333_1425",0.383101316678098
"2016_1333_1428",0.290032346858527
"2016_1333_1433",0.311140171275043
"2016_1333_1435",0.293375071474289
"2016_1333_1437",0.201767064840453
"2016_1333_1438",0.226031415815909
"2016_1333_1451",0.592418648492877
"2016_1333_1452",0.215138613434332
"2016_1333_1453",0.51998575153886
"2016_1333_1455",0.247218195700324
"2016_1333_1458",0.351562982571599
"2016_1333_1462",0.25472771704399
"2016_1333_1463",0.35682871026426
"2016_1338_1344",0.469977873163804
"2016_1338_1345",0.207970513176471
"2016_1338_1355",0.550153792272721
"2016_1338_1371",0.358894983927924
"2016_1338_1372",0.387267502352732
"2016_1338_1380",0.803593865153791
"2016_1338_1386",0.397428891175666
"2016_1338_1392",0.545727308746873
"2016_1338_1393",0.451822501450201
"2016_1338_1396",0.558710048585139
"2016_1338_1400",0.414299205299057
"2016_1338_1401",0.250544734221265
"2016_1338_1403",0.463862280994117
"2016_1338_1409",0.495202793132104
"2016_1338_1421",0.646693568484296
"2016_1338_1423",0.557717107037669
"2016_1338_1425",0.436877414430508
"2016_1338_1428",0.29234923906133
"2016_1338_1433",0.354996371094725
"2016_1338_1435",0.349750164610863
"2016_1338_1437",0.175894350527562
"2016_1338_1438",0.203224348411209
"2016_1338_1451",0.701817418035452
"2016_1338_1452",0.196028488285924
"2016_1338_1453",0.644835017346818
"2016_1338_1455",0.280397077127279
"2016_1338_1458",0.40595750637203
"2016_1338_1462",0.239229139791971
"2016_1338_1463",0.427770119321181
"2016_1344_1345",0.217735583610926
"2016_1344_1355",0.518460421248145
"2016_1344_1371",0.3528571555801
"2016_1344_1372",0.365628962031364
"2016_1344_1380",0.762427327000482
"2016_1344_1386",0.385647359919956
"2016_1344_1392",0.51719441657811
"2016_1344_1393",0.422540347329778
"2016_1344_1396",0.520796099253204
"2016_1344_1400",0.398052931555704
"2016_1344_1401",0.262027858778439
"2016_1344_1403",0.437186146283751
"2016_1344_1409",0.460710382874412
"2016_1344_1421",0.601874357112403
"2016_1344_1423",0.51993618774064
"2016_1344_1425",0.420059149652468
"2016_1344_1428",0.297815848132883
"2016_1344_1433",0.342013011500654
"2016_1344_1435",0.330724893139573
"2016_1344_1437",0.192055689417471
"2016_1344_1438",0.218587119600821
"2016_1344_1451",0.661682493688709
"2016_1344_1452",0.209653934186867
"2016_1344_1453",0.597620782807496
"2016_1344_1455",0.271401816164277
"2016_1344_1458",0.388520688333232
"2016_1344_1462",0.251998273219042
"2016_1344_1463",0.402905601827363
"2016_1345_1355",0.860369306212142
"2016_1345_1371",0.684892173476414
"2016_1345_1372",0.816499311609724
"2016_1345_1380",0.953773388068762
"2016_1345_1386",0.743681513335329
"2016_1345_1392",0.87549951050981
"2016_1345_1393",0.776587766301269
"2016_1345_1396",0.825513749928352
"2016_1345_1400",0.703249923154884
"2016_1345_1401",0.564668607398167
"2016_1345_1403",0.755266043518168
"2016_1345_1409",0.810735615327528
"2016_1345_1421",0.909213804739229
"2016_1345_1423",0.865782373166399
"2016_1345_1425",0.761044004801382
"2016_1345_1428",0.586549112107002
"2016_1345_1433",0.74353152354024
"2016_1345_1435",0.7400537024219
"2016_1345_1437",0.469543601456951
"2016_1345_1438",0.47426393468608
"2016_1345_1451",0.929392396569087
"2016_1345_1452",0.507735229644751
"2016_1345_1453",0.896365186267277
"2016_1345_1455",0.704069276469955
"2016_1345_1458",0.713545375893035
"2016_1345_1462",0.531489654372077
"2016_1345_1463",0.804706902469753
"2016_1355_1371",0.310316139258834
"2016_1355_1372",0.357593375344553
"2016_1355_1380",0.751169048466112
"2016_1355_1386",0.349393266592635
"2016_1355_1392",0.499831492926813
"2016_1355_1393",0.388151718273062
"2016_1355_1396",0.48101520570854
"2016_1355_1400",0.348462405772295
"2016_1355_1401",0.22161296399043
"2016_1355_1403",0.39240697314937
"2016_1355_1409",0.428996951777575
"2016_1355_1421",0.587509129821232
"2016_1355_1423",0.497987966218331
"2016_1355_1425",0.380363500109975
"2016_1355_1428",0.250642768612834
"2016_1355_1433",0.317173777973226
"2016_1355_1435",0.308494118406133
"2016_1355_1437",0.160029280549533
"2016_1355_1438",0.178515345453592
"2016_1355_1451",0.648893406112521
"2016_1355_1452",0.177105570522165
"2016_1355_1453",0.576290780221176
"2016_1355_1455",0.255340736238233
"2016_1355_1458",0.34417680744165
"2016_1355_1462",0.209445754071668
"2016_1355_1463",0.382116070786368
"2016_1371_1372",0.529333409038633
"2016_1371_1380",0.850047806800029
"2016_1371_1386",0.506882032424695
"2016_1371_1392",0.662367973337609
"2016_1371_1393",0.543682451272723
"2016_1371_1396",0.629901427388703
"2016_1371_1400",0.495979720898124
"2016_1371_1401",0.35375432860116
"2016_1371_1403",0.543152460472992
"2016_1371_1409",0.585458898355878
"2016_1371_1421",0.7319484013083
"2016_1371_1423",0.655075478683128
"2016_1371_1425",0.537026418342218
"2016_1371_1428",0.38599426081958
"2016_1371_1433",0.476223311355558
"2016_1371_1435",0.465001613454692
"2016_1371_1437",0.271634177269195
"2016_1371_1438",0.293422924702218
"2016_1371_1451",0.780588968674763
"2016_1371_1452",0.296024813404056
"2016_1371_1453",0.718742466981616
"2016_1371_1455",0.406894930287932
"2016_1371_1458",0.49377628163617
"2016_1371_1462",0.335697080027142
"2016_1371_1463",0.546947578145674
"2016_1372_1380",0.79340312776497
"2016_1372_1386",0.277113717234323
"2016_1372_1392",0.455289946429124
"2016_1372_1393",0.361114776298312
"2016_1372_1396",0.482749444815376
"2016_1372_1400",0.29600579282729
"2016_1372_1401",0.128543698250067
"2016_1372_1403",0.363042028832248
"2016_1372_1409",0.414090964174198
"2016_1372_1421",0.604045774872106
"2016_1372_1423",0.487422842222924
"2016_1372_1425",0.3196921431068
"2016_1372_1428",0.163934510855145
"2016_1372_1433",0.248395046382972
"2016_1372_1435",0.25674484424459
"2016_1372_1437",0.0778090645950834
"2016_1372_1438",0.093693747751385
"2016_1372_1451",0.659418971316572
"2016_1372_1452",0.0926998392962905
"2016_1372_1453",0.605117635704442
"2016_1372_1455",0.186844012571063
"2016_1372_1458",0.292942488945608
"2016_1372_1462",0.119022747251779
"2016_1372_1463",0.334503698613569
"2016_1380_1386",0.019277261591736
"2016_1380_1392",0.0238810445488133
"2016_1380_1393",0.038013391065746
"2016_1380_1396",0.089767839983731
"2016_1380_1400",0.0442388887003068
"2016_1380_1401",0.00761003864912731
"2016_1380_1403",0.0564282570916563
"2016_1380_1409",0.0455025403791579
"2016_1380_1421",0.0622531887596315
"2016_1380_1423",0.0422412188167048
"2016_1380_1425",0.0296074340462929
"2016_1380_1428",0.0152326085834823
"2016_1380_1433",0.0106971635993904
"2016_1380_1435",0.0119346367148579
"2016_1380_1437",0.00320558762653869
"2016_1380_1438",0.00620729541145972
"2016_1380_1451",0.0725162133640304
"2016_1380_1452",0.00393884236446898
"2016_1380_1453",0.0896509095632019
"2016_1380_1455",0.00490864992097754
"2016_1380_1458",0.0358251208742735
"2016_1380_1462",0.00822078222254016
"2016_1380_1463",0.0163553705073789
"2016_1386_1392",0.648762438925305
"2016_1386_1393",0.526781740236051
"2016_1386_1396",0.615348021977234
"2016_1386_1400",0.473887245839843
"2016_1386_1401",0.326891565598445
"2016_1386_1403",0.524339597552512
"2016_1386_1409",0.570412767482746
"2016_1386_1421",0.723839728411136
"2016_1386_1423",0.642872103747199
"2016_1386_1425",0.51644375686422
"2016_1386_1428",0.359433532550066
"2016_1386_1433",0.456570371687676
"2016_1386_1435",0.447331824236884
"2016_1386_1437",0.246505647571554
"2016_1386_1438",0.267001037811337
"2016_1386_1451",0.773306031989421
"2016_1386_1452",0.27085524191037
"2016_1386_1453",0.710163145260457
"2016_1386_1455",0.388139674558413
"2016_1386_1458",0.472637276577829
"2016_1386_1462",0.308615058523522
"2016_1386_1463",0.530732072163101
"2016_1392_1393",0.336049764371648
"2016_1392_1396",0.443823871930008
"2016_1392_1400",0.289773245753669
"2016_1392_1401",0.146573159796397
"2016_1392_1403",0.342434150614711
"2016_1392_1409",0.380772512672038
"2016_1392_1421",0.550100022464321
"2016_1392_1423",0.446908363746747
"2016_1392_1425",0.311787158122693
"2016_1392_1428",0.178913361308517
"2016_1392_1433",0.243668043460142
"2016_1392_1435",0.24440947179153
"2016_1392_1437",0.0951054023512751
"2016_1392_1438",0.112202312051078
"2016_1392_1451",0.610113910706277
"2016_1392_1452",0.109492180320289
"2016_1392_1453",0.548527705327118
"2016_1392_1455",0.185159218417083
"2016_1392_1458",0.284738011311425
"2016_1392_1462",0.13760745341495
"2016_1392_1463",0.314286380580746
"2016_1393_1396",0.50858971868984
"2016_1393_1400",0.378892779328024
"2016_1393_1401",0.226913360469675
"2016_1393_1403",0.420581789870025
"2016_1393_1409",0.438653115471027
"2016_1393_1421",0.577433281147363
"2016_1393_1423",0.491903543317772
"2016_1393_1425",0.391004107317019
"2016_1393_1428",0.268501032080449
"2016_1393_1433",0.303201872121994
"2016_1393_1435",0.296027738354409
"2016_1393_1437",0.158387580766822
"2016_1393_1438",0.187564854223099
"2016_1393_1451",0.636810559126505
"2016_1393_1452",0.175112393224015
"2016_1393_1453",0.581349326487621
"2016_1393_1455",0.231025151201103
"2016_1393_1458",0.366407166131405
"2016_1393_1462",0.219391636770911
"2016_1393_1463",0.365452594632677
"2016_1396_1400",0.32069441172107
"2016_1396_1401",0.199656572010039
"2016_1396_1403",0.349216290752112
"2016_1396_1409",0.352946615082684
"2016_1396_1421",0.467958620709518
"2016_1396_1423",0.394678827759176
"2016_1396_1425",0.325070660071251
"2016_1396_1428",0.235489353298559
"2016_1396_1433",0.24123643047946
"2016_1396_1435",0.230455035846894
"2016_1396_1437",0.14187324919864
"2016_1396_1438",0.169964360647771
"2016_1396_1451",0.530770784546801
"2016_1396_1452",0.154015784491551
"2016_1396_1453",0.474886423808627
"2016_1396_1455",0.178415258803086
"2016_1396_1458",0.305474651078314
"2016_1396_1462",0.195719303013205
"2016_1396_1463",0.286354006388886
"2016_1400_1401",0.348703306218258
"2016_1400_1403",0.488225267512113
"2016_1400_1409",0.515179052207625
"2016_1400_1421",0.651295930176476
"2016_1400_1423",0.57910195277626
"2016_1400_1425",0.489627891572451
"2016_1400_1428",0.374571522400575
"2016_1400_1433",0.424752669080808
"2016_1400_1435",0.405338922026531
"2016_1400_1437",0.277239331347293
"2016_1400_1438",0.299644630937575
"2016_1400_1451",0.709720508736048
"2016_1400_1452",0.295284647407285
"2016_1400_1453",0.637512929838354
"2016_1400_1455",0.356843870749951
"2016_1400_1458",0.449075784868164
"2016_1400_1462",0.335278425173026
"2016_1400_1463",0.479527043712349
"2016_1401_1403",0.656483762685517
"2016_1401_1409",0.713019627193338
"2016_1401_1421",0.842611911914217
"2016_1401_1423",0.781220865770201
"2016_1401_1425",0.659485660043368
"2016_1401_1428",0.485232568711722
"2016_1401_1433",0.624467526459656
"2016_1401_1435",0.616960799734964
"2016_1401_1437",0.367704042588461
"2016_1401_1438",0.380023670125291
"2016_1401_1451",0.875259148597481
"2016_1401_1452",0.400153806508348
"2016_1401_1453",0.826669115807987
"2016_1401_1455",0.569227451948815
"2016_1401_1458",0.609148264000997
"2016_1401_1462",0.431446479820618
"2016_1401_1463",0.695942577157698
"2016_1403_1409",0.465118831397416
"2016_1403_1421",0.598536248902966
"2016_1403_1423",0.525456443998545
"2016_1403_1425",0.441928182699901
"2016_1403_1428",0.335582874710742
"2016_1403_1433",0.372778060061624
"2016_1403_1435",0.35395403708282
"2016_1403_1437",0.241361587554848
"2016_1403_1438",0.26498664268336
"2016_1403_1451",0.660744624726113
"2016_1403_1452",0.25736777672122
"2016_1403_1453",0.587367663370967
"2016_1403_1455",0.305582822042964
"2016_1403_1458",0.405114372561379
"2016_1403_1462",0.297666607204947
"2016_1403_1463",0.424307228588781
"2016_1409_1421",0.563223971449941
"2016_1409_1423",0.479632487726301
"2016_1409_1425",0.382279739660968
"2016_1409_1428",0.265253649359206
"2016_1409_1433",0.300845639049605
"2016_1409_1435",0.291657189218542
"2016_1409_1437",0.162420177751749
"2016_1409_1438",0.189184359740791
"2016_1409_1451",0.624268219821534
"2016_1409_1452",0.178444196334025
"2016_1409_1453",0.56338262749552
"2016_1409_1455",0.232091478420495
"2016_1409_1458",0.355221316967934
"2016_1409_1462",0.219999055998479
"2016_1409_1463",0.359862574117904
"2016_1421_1423",0.167666121192921
"2016_1421_1425",0.11301723406585
"2016_1421_1428",0.0603290192128829
"2016_1421_1433",0.0608001600112304
"2016_1421_1435",0.0637099281988068
"2016_1421_1437",0.0205067603300717
"2016_1421_1438",0.0307080181877347
"2016_1421_1451",0.270598617641814
"2016_1421_1452",0.0243564716376909
"2016_1421_1453",0.266441760168151
"2016_1421_1455",0.0357151360403655
"2016_1421_1458",0.115909828256204
"2016_1421_1462",0.0391724905342059
"2016_1421_1463",0.0865086037284774
"2016_1423_1425",0.318567134114756
"2016_1423_1428",0.203197423241168
"2016_1423_1433",0.244553054716936
"2016_1423_1435",0.239913170434717
"2016_1423_1437",0.115025087026314
"2016_1423_1438",0.136187803556583
"2016_1423_1451",0.577096857648406
"2016_1423_1452",0.128889459545139
"2016_1423_1453",0.516579425191424
"2016_1423_1455",0.184340279788449
"2016_1423_1458",0.294092573699571
"2016_1423_1462",0.162263186278262
"2016_1423_1463",0.303816836835565
"2016_1425_1428",0.291889497734507
"2016_1425_1433",0.35486241433643
"2016_1425_1435",0.346316561292116
"2016_1425_1437",0.185236534835712
"2016_1425_1438",0.209307457628547
"2016_1425_1451",0.688265889988375
"2016_1425_1452",0.204440747050805
"2016_1425_1453",0.623909050462788
"2016_1425_1455",0.284935467512206
"2016_1425_1458",0.394000783864446
"2016_1425_1462",0.244093391075638
"2016_1425_1463",0.422808265680999
"2016_1428_1433",0.633636814436125
"2016_1428_1435",0.617968909917159
"2016_1428_1437",0.428541345722475
"2016_1428_1438",0.437726374555686
"2016_1428_1451",0.861052687095103
"2016_1428_1452",0.454946663857526
"2016_1428_1453",0.805712077237121
"2016_1428_1455",0.581629792777265
"2016_1428_1458",0.616091463400029
"2016_1428_1462",0.483243206384757
"2016_1428_1463",0.691878263028174
"2016_1433_1435",0.455938626897962
"2016_1433_1437",0.221711864418197
"2016_1433_1438",0.242071642761388
"2016_1433_1451",0.794022458373651
"2016_1433_1452",0.24824627179593
"2016_1433_1453",0.73606070744316
"2016_1433_1455",0.389677082736655
"2016_1433_1458",0.475178138710329
"2016_1433_1462",0.285491307917396
"2016_1433_1463",0.543492992541193
"2016_1435_1437",0.201500705946932
"2016_1435_1438",0.225406971633131
"2016_1435_1451",0.766560204326735
"2016_1435_1452",0.225895927376525
"2016_1435_1453",0.709632205410801
"2016_1435_1455",0.347472220717765
"2016_1435_1458",0.452493409961675
"2016_1435_1462",0.266416590891671
"2016_1435_1463",0.503257308086333
"2016_1437_1438",0.590153739487344
"2016_1437_1451",0.952213233565613
"2016_1437_1452",0.629357222679255
"2016_1437_1453",0.926402078102899
"2016_1437_1455",0.797476625160531
"2016_1437_1458",0.786055350440826
"2016_1437_1462",0.642355507281805
"2016_1437_1463",0.866494704369075
"2016_1438_1451",0.924908119489157
"2016_1438_1452",0.573344690633852
"2016_1438_1453",0.887766596582751
"2016_1438_1455",0.726575004025021
"2016_1438_1458",0.726663500507833
"2016_1438_1462",0.591019651539306
"2016_1438_1463",0.810411542927612
"2016_1451_1452",0.0188919115169981
"2016_1451_1453",0.217776689274079
"2016_1451_1455",0.0286086230751634
"2016_1451_1458",0.0896728698826813
"2016_1451_1462",0.0299618163565178
"2016_1451_1463",0.0690793113223853
"2016_1452_1453",0.905931429373375
"2016_1452_1455",0.740650605066051
"2016_1452_1458",0.742004328849493
"2016_1452_1462",0.580660704230631
"2016_1452_1463",0.827828763538016
"2016_1453_1455",0.0431607064794832
"2016_1453_1458",0.149481481320799
"2016_1453_1462",0.0548765861200638
"2016_1453_1463",0.103192156495424
"2016_1455_1458",0.512545768953655
"2016_1455_1462",0.290454796295594
"2016_1455_1463",0.594770263699505
"2016_1458_1462",0.320950575738649
"2016_1458_1463",0.481994712521991
"2016_1462_1463",0.773846425955359
