"Matchup","Win.0","Win.1"
"2015_1107_1112",0.961,0.039
"2015_1107_1116",0.830,0.170
"2015_1107_1124",0.936,0.064
"2015_1107_1125",0.649,0.351
"2015_1107_1129",0.707,0.293
"2015_1107_1138",0.721,0.279
"2015_1107_1139",0.824,0.176
"2015_1107_1140",0.728,0.272
"2015_1107_1153",0.681,0.319
"2015_1107_1157",0.647,0.353
"2015_1107_1172",0.687,0.313
"2015_1107_1173",0.716,0.284
"2015_1107_1181",0.984,0.016
"2015_1107_1186",0.688,0.312
"2015_1107_1207",0.838,0.162
"2015_1107_1208",0.727,0.273
"2015_1107_1209",0.726,0.274
"2015_1107_1211",0.937,0.063
"2015_1107_1214",0.542,0.458
"2015_1107_1217",0.536,0.464
"2015_1107_1231",0.659,0.341
"2015_1107_1234",0.799,0.201
"2015_1107_1235",0.901,0.099
"2015_1107_1242",0.907,0.093
"2015_1107_1246",0.964,0.036
"2015_1107_1248",0.624,0.376
"2015_1107_1257",0.902,0.098
"2015_1107_1261",0.726,0.274
"2015_1107_1264",0.717,0.283
"2015_1107_1268",0.760,0.240
"2015_1107_1277",0.801,0.199
"2015_1107_1279",0.739,0.261
"2015_1107_1295",0.540,0.460
"2015_1107_1301",0.799,0.201
"2015_1107_1308",0.704,0.296
"2015_1107_1314",0.953,0.047
"2015_1107_1316",0.723,0.277
"2015_1107_1318",0.695,0.305
"2015_1107_1320",0.780,0.220
"2015_1107_1323",0.908,0.092
"2015_1107_1326",0.816,0.184
"2015_1107_1328",0.900,0.100
"2015_1107_1329",0.638,0.362
"2015_1107_1332",0.738,0.262
"2015_1107_1344",0.760,0.240
"2015_1107_1345",0.758,0.242
"2015_1107_1352",0.709,0.291
"2015_1107_1361",0.617,0.383
"2015_1107_1372",0.747,0.253
"2015_1107_1374",0.764,0.236
"2015_1107_1385",0.776,0.224
"2015_1107_1400",0.789,0.211
"2015_1107_1411",0.652,0.348
"2015_1107_1412",0.761,0.239
"2015_1107_1414",0.664,0.336
"2015_1107_1417",0.771,0.229
"2015_1107_1428",0.825,0.175
"2015_1107_1433",0.722,0.278
"2015_1107_1434",0.710,0.290
"2015_1107_1437",0.945,0.055
"2015_1107_1438",0.878,0.122
"2015_1107_1452",0.790,0.210
"2015_1107_1455",0.863,0.137
"2015_1107_1458",0.898,0.102
"2015_1107_1459",0.727,0.273
"2015_1107_1461",0.614,0.386
"2015_1107_1462",0.712,0.288
"2015_1112_1116",0.276,0.724
"2015_1112_1124",0.349,0.651
"2015_1112_1125",0.212,0.788
"2015_1112_1129",0.149,0.851
"2015_1112_1138",0.146,0.854
"2015_1112_1139",0.206,0.794
"2015_1112_1140",0.261,0.739
"2015_1112_1153",0.158,0.842
"2015_1112_1157",0.050,0.950
"2015_1112_1172",0.286,0.714
"2015_1112_1173",0.138,0.862
"2015_1112_1181",0.364,0.636
"2015_1112_1186",0.231,0.769
"2015_1112_1207",0.199,0.801
"2015_1112_1208",0.184,0.816
"2015_1112_1209",0.122,0.878
"2015_1112_1211",0.314,0.686
"2015_1112_1214",0.108,0.892
"2015_1112_1217",0.106,0.894
"2015_1112_1231",0.253,0.747
"2015_1112_1234",0.200,0.800
"2015_1112_1235",0.375,0.625
"2015_1112_1242",0.385,0.615
"2015_1112_1246",0.470,0.530
"2015_1112_1248",0.068,0.932
"2015_1112_1257",0.368,0.632
"2015_1112_1261",0.161,0.839
"2015_1112_1264",0.072,0.928
"2015_1112_1268",0.273,0.727
"2015_1112_1277",0.272,0.728
"2015_1112_1279",0.122,0.878
"2015_1112_1295",0.065,0.935
"2015_1112_1301",0.179,0.821
"2015_1112_1308",0.085,0.915
"2015_1112_1314",0.348,0.652
"2015_1112_1316",0.066,0.934
"2015_1112_1318",0.050,0.950
"2015_1112_1320",0.264,0.736
"2015_1112_1323",0.344,0.656
"2015_1112_1326",0.262,0.738
"2015_1112_1328",0.376,0.624
"2015_1112_1329",0.201,0.799
"2015_1112_1332",0.200,0.800
"2015_1112_1344",0.212,0.788
"2015_1112_1345",0.144,0.856
"2015_1112_1352",0.079,0.921
"2015_1112_1361",0.239,0.761
"2015_1112_1372",0.200,0.800
"2015_1112_1374",0.264,0.736
"2015_1112_1385",0.152,0.848
"2015_1112_1400",0.233,0.767
"2015_1112_1411",0.078,0.922
"2015_1112_1412",0.050,0.950
"2015_1112_1414",0.071,0.929
"2015_1112_1417",0.143,0.857
"2015_1112_1428",0.282,0.718
"2015_1112_1433",0.335,0.665
"2015_1112_1434",0.107,0.893
"2015_1112_1437",0.358,0.642
"2015_1112_1438",0.362,0.638
"2015_1112_1452",0.293,0.707
"2015_1112_1455",0.270,0.730
"2015_1112_1458",0.436,0.564
"2015_1112_1459",0.090,0.910
"2015_1112_1461",0.067,0.933
"2015_1112_1462",0.188,0.812
"2015_1116_1124",0.572,0.428
"2015_1116_1125",0.388,0.612
"2015_1116_1129",0.440,0.560
"2015_1116_1138",0.377,0.623
"2015_1116_1139",0.447,0.553
"2015_1116_1140",0.441,0.559
"2015_1116_1153",0.398,0.602
"2015_1116_1157",0.322,0.678
"2015_1116_1172",0.490,0.510
"2015_1116_1173",0.361,0.639
"2015_1116_1181",0.573,0.427
"2015_1116_1186",0.411,0.589
"2015_1116_1207",0.427,0.573
"2015_1116_1208",0.380,0.620
"2015_1116_1209",0.367,0.633
"2015_1116_1211",0.507,0.493
"2015_1116_1214",0.365,0.635
"2015_1116_1217",0.380,0.620
"2015_1116_1231",0.447,0.553
"2015_1116_1234",0.469,0.531
"2015_1116_1235",0.543,0.457
"2015_1116_1242",0.594,0.406
"2015_1116_1246",0.653,0.347
"2015_1116_1248",0.319,0.681
"2015_1116_1257",0.531,0.469
"2015_1116_1261",0.414,0.586
"2015_1116_1264",0.347,0.653
"2015_1116_1268",0.484,0.516
"2015_1116_1277",0.436,0.564
"2015_1116_1279",0.358,0.642
"2015_1116_1295",0.323,0.677
"2015_1116_1301",0.470,0.530
"2015_1116_1308",0.354,0.646
"2015_1116_1314",0.547,0.453
"2015_1116_1316",0.345,0.655
"2015_1116_1318",0.292,0.708
"2015_1116_1320",0.494,0.506
"2015_1116_1323",0.508,0.492
"2015_1116_1326",0.454,0.546
"2015_1116_1328",0.530,0.470
"2015_1116_1329",0.505,0.495
"2015_1116_1332",0.419,0.581
"2015_1116_1344",0.452,0.548
"2015_1116_1345",0.398,0.602
"2015_1116_1352",0.352,0.648
"2015_1116_1361",0.487,0.513
"2015_1116_1372",0.411,0.589
"2015_1116_1374",0.469,0.531
"2015_1116_1385",0.479,0.521
"2015_1116_1400",0.471,0.529
"2015_1116_1411",0.331,0.669
"2015_1116_1412",0.344,0.656
"2015_1116_1414",0.323,0.677
"2015_1116_1417",0.411,0.589
"2015_1116_1428",0.505,0.495
"2015_1116_1433",0.482,0.518
"2015_1116_1434",0.359,0.641
"2015_1116_1437",0.534,0.466
"2015_1116_1438",0.525,0.475
"2015_1116_1452",0.490,0.510
"2015_1116_1455",0.533,0.467
"2015_1116_1458",0.589,0.411
"2015_1116_1459",0.356,0.644
"2015_1116_1461",0.321,0.679
"2015_1116_1462",0.400,0.600
"2015_1124_1125",0.283,0.717
"2015_1124_1129",0.352,0.648
"2015_1124_1138",0.351,0.649
"2015_1124_1139",0.434,0.566
"2015_1124_1140",0.508,0.492
"2015_1124_1153",0.307,0.693
"2015_1124_1157",0.175,0.825
"2015_1124_1172",0.471,0.529
"2015_1124_1173",0.322,0.678
"2015_1124_1181",0.595,0.405
"2015_1124_1186",0.314,0.686
"2015_1124_1207",0.423,0.577
"2015_1124_1208",0.349,0.651
"2015_1124_1209",0.253,0.747
"2015_1124_1211",0.516,0.484
"2015_1124_1214",0.289,0.711
"2015_1124_1217",0.226,0.774
"2015_1124_1231",0.445,0.555
"2015_1124_1234",0.466,0.534
"2015_1124_1235",0.583,0.417
"2015_1124_1242",0.601,0.399
"2015_1124_1246",0.727,0.273
"2015_1124_1248",0.206,0.794
"2015_1124_1257",0.631,0.369
"2015_1124_1261",0.427,0.573
"2015_1124_1264",0.266,0.734
"2015_1124_1268",0.450,0.550
"2015_1124_1277",0.529,0.471
"2015_1124_1279",0.329,0.671
"2015_1124_1295",0.176,0.824
"2015_1124_1301",0.446,0.554
"2015_1124_1308",0.232,0.768
"2015_1124_1314",0.563,0.437
"2015_1124_1316",0.236,0.764
"2015_1124_1318",0.184,0.816
"2015_1124_1320",0.462,0.538
"2015_1124_1323",0.528,0.472
"2015_1124_1326",0.520,0.480
"2015_1124_1328",0.591,0.409
"2015_1124_1329",0.427,0.573
"2015_1124_1332",0.444,0.556
"2015_1124_1344",0.468,0.532
"2015_1124_1345",0.403,0.597
"2015_1124_1352",0.245,0.755
"2015_1124_1361",0.464,0.536
"2015_1124_1372",0.385,0.615
"2015_1124_1374",0.490,0.510
"2015_1124_1385",0.380,0.620
"2015_1124_1400",0.485,0.515
"2015_1124_1411",0.216,0.784
"2015_1124_1412",0.237,0.763
"2015_1124_1414",0.179,0.821
"2015_1124_1417",0.425,0.575
"2015_1124_1428",0.515,0.485
"2015_1124_1433",0.542,0.458
"2015_1124_1434",0.268,0.732
"2015_1124_1437",0.578,0.422
"2015_1124_1438",0.489,0.511
"2015_1124_1452",0.549,0.451
"2015_1124_1455",0.541,0.459
"2015_1124_1458",0.586,0.414
"2015_1124_1459",0.234,0.766
"2015_1124_1461",0.190,0.810
"2015_1124_1462",0.451,0.549
"2015_1125_1129",0.655,0.345
"2015_1125_1138",0.661,0.339
"2015_1125_1139",0.786,0.214
"2015_1125_1140",0.694,0.306
"2015_1125_1153",0.621,0.379
"2015_1125_1157",0.603,0.397
"2015_1125_1172",0.662,0.338
"2015_1125_1173",0.659,0.341
"2015_1125_1181",0.986,0.014
"2015_1125_1186",0.657,0.343
"2015_1125_1207",0.789,0.211
"2015_1125_1208",0.662,0.338
"2015_1125_1209",0.681,0.319
"2015_1125_1211",0.933,0.067
"2015_1125_1214",0.516,0.484
"2015_1125_1217",0.496,0.504
"2015_1125_1231",0.622,0.378
"2015_1125_1234",0.741,0.259
"2015_1125_1235",0.903,0.097
"2015_1125_1242",0.895,0.105
"2015_1125_1246",0.971,0.029
"2015_1125_1248",0.598,0.402
"2015_1125_1257",0.905,0.095
"2015_1125_1261",0.662,0.338
"2015_1125_1264",0.688,0.312
"2015_1125_1268",0.727,0.273
"2015_1125_1277",0.790,0.210
"2015_1125_1279",0.691,0.309
"2015_1125_1295",0.513,0.487
"2015_1125_1301",0.739,0.261
"2015_1125_1308",0.649,0.351
"2015_1125_1314",0.949,0.051
"2015_1125_1316",0.673,0.327
"2015_1125_1318",0.637,0.363
"2015_1125_1320",0.773,0.227
"2015_1125_1323",0.912,0.088
"2015_1125_1326",0.803,0.197
"2015_1125_1328",0.897,0.103
"2015_1125_1329",0.596,0.404
"2015_1125_1332",0.679,0.321
"2015_1125_1344",0.714,0.286
"2015_1125_1345",0.678,0.322
"2015_1125_1352",0.670,0.330
"2015_1125_1361",0.561,0.439
"2015_1125_1372",0.711,0.289
"2015_1125_1374",0.734,0.266
"2015_1125_1385",0.718,0.282
"2015_1125_1400",0.751,0.249
"2015_1125_1411",0.620,0.380
"2015_1125_1412",0.705,0.295
"2015_1125_1414",0.621,0.379
"2015_1125_1417",0.708,0.292
"2015_1125_1428",0.808,0.192
"2015_1125_1433",0.687,0.313
"2015_1125_1434",0.663,0.337
"2015_1125_1437",0.955,0.045
"2015_1125_1438",0.890,0.110
"2015_1125_1452",0.774,0.226
"2015_1125_1455",0.840,0.160
"2015_1125_1458",0.901,0.099
"2015_1125_1459",0.678,0.322
"2015_1125_1461",0.577,0.423
"2015_1125_1462",0.671,0.329
"2015_1129_1138",0.423,0.577
"2015_1129_1139",0.570,0.430
"2015_1129_1140",0.502,0.498
"2015_1129_1153",0.504,0.496
"2015_1129_1157",0.432,0.568
"2015_1129_1172",0.524,0.476
"2015_1129_1173",0.445,0.555
"2015_1129_1181",0.859,0.141
"2015_1129_1186",0.440,0.560
"2015_1129_1207",0.536,0.464
"2015_1129_1208",0.485,0.515
"2015_1129_1209",0.444,0.556
"2015_1129_1211",0.751,0.249
"2015_1129_1214",0.443,0.557
"2015_1129_1217",0.450,0.550
"2015_1129_1231",0.494,0.506
"2015_1129_1234",0.586,0.414
"2015_1129_1235",0.692,0.308
"2015_1129_1242",0.758,0.242
"2015_1129_1246",0.837,0.163
"2015_1129_1248",0.415,0.585
"2015_1129_1257",0.615,0.385
"2015_1129_1261",0.547,0.453
"2015_1129_1264",0.431,0.569
"2015_1129_1268",0.535,0.465
"2015_1129_1277",0.605,0.395
"2015_1129_1279",0.447,0.553
"2015_1129_1295",0.426,0.574
"2015_1129_1301",0.573,0.427
"2015_1129_1308",0.459,0.541
"2015_1129_1314",0.726,0.274
"2015_1129_1316",0.437,0.563
"2015_1129_1318",0.405,0.595
"2015_1129_1320",0.570,0.430
"2015_1129_1323",0.691,0.309
"2015_1129_1326",0.594,0.406
"2015_1129_1328",0.614,0.386
"2015_1129_1329",0.536,0.464
"2015_1129_1332",0.539,0.461
"2015_1129_1344",0.513,0.487
"2015_1129_1345",0.522,0.478
"2015_1129_1352",0.422,0.578
"2015_1129_1361",0.515,0.485
"2015_1129_1372",0.505,0.495
"2015_1129_1374",0.524,0.476
"2015_1129_1385",0.552,0.448
"2015_1129_1400",0.562,0.438
"2015_1129_1411",0.392,0.608
"2015_1129_1412",0.455,0.545
"2015_1129_1414",0.413,0.587
"2015_1129_1417",0.526,0.474
"2015_1129_1428",0.573,0.427
"2015_1129_1433",0.530,0.470
"2015_1129_1434",0.460,0.540
"2015_1129_1437",0.803,0.197
"2015_1129_1438",0.669,0.331
"2015_1129_1452",0.588,0.412
"2015_1129_1455",0.565,0.435
"2015_1129_1458",0.719,0.281
"2015_1129_1459",0.414,0.586
"2015_1129_1461",0.413,0.587
"2015_1129_1462",0.546,0.454
"2015_1138_1139",0.648,0.352
"2015_1138_1140",0.586,0.414
"2015_1138_1153",0.555,0.445
"2015_1138_1157",0.477,0.523
"2015_1138_1172",0.586,0.414
"2015_1138_1173",0.514,0.486
"2015_1138_1181",0.896,0.104
"2015_1138_1186",0.493,0.507
"2015_1138_1207",0.633,0.367
"2015_1138_1208",0.542,0.458
"2015_1138_1209",0.540,0.460
"2015_1138_1211",0.806,0.194
"2015_1138_1214",0.476,0.524
"2015_1138_1217",0.468,0.532
"2015_1138_1231",0.535,0.465
"2015_1138_1234",0.630,0.370
"2015_1138_1235",0.770,0.230
"2015_1138_1242",0.825,0.175
"2015_1138_1246",0.885,0.115
"2015_1138_1248",0.463,0.537
"2015_1138_1257",0.706,0.294
"2015_1138_1261",0.575,0.425
"2015_1138_1264",0.505,0.495
"2015_1138_1268",0.626,0.374
"2015_1138_1277",0.677,0.323
"2015_1138_1279",0.530,0.470
"2015_1138_1295",0.443,0.557
"2015_1138_1301",0.629,0.371
"2015_1138_1308",0.538,0.462
"2015_1138_1314",0.834,0.166
"2015_1138_1316",0.512,0.488
"2015_1138_1318",0.475,0.525
"2015_1138_1320",0.646,0.354
"2015_1138_1323",0.767,0.233
"2015_1138_1326",0.680,0.320
"2015_1138_1328",0.721,0.279
"2015_1138_1329",0.573,0.427
"2015_1138_1332",0.562,0.438
"2015_1138_1344",0.560,0.440
"2015_1138_1345",0.570,0.430
"2015_1138_1352",0.503,0.497
"2015_1138_1361",0.541,0.459
"2015_1138_1372",0.586,0.414
"2015_1138_1374",0.614,0.386
"2015_1138_1385",0.603,0.397
"2015_1138_1400",0.651,0.349
"2015_1138_1411",0.476,0.524
"2015_1138_1412",0.520,0.480
"2015_1138_1414",0.467,0.533
"2015_1138_1417",0.582,0.418
"2015_1138_1428",0.668,0.332
"2015_1138_1433",0.574,0.426
"2015_1138_1434",0.513,0.487
"2015_1138_1437",0.855,0.145
"2015_1138_1438",0.785,0.215
"2015_1138_1452",0.636,0.364
"2015_1138_1455",0.686,0.314
"2015_1138_1458",0.776,0.224
"2015_1138_1459",0.518,0.482
"2015_1138_1461",0.479,0.521
"2015_1138_1462",0.586,0.414
"2015_1139_1140",0.475,0.525
"2015_1139_1153",0.383,0.617
"2015_1139_1157",0.266,0.734
"2015_1139_1172",0.476,0.524
"2015_1139_1173",0.313,0.687
"2015_1139_1181",0.780,0.220
"2015_1139_1186",0.357,0.643
"2015_1139_1207",0.459,0.541
"2015_1139_1208",0.414,0.586
"2015_1139_1209",0.349,0.651
"2015_1139_1211",0.669,0.331
"2015_1139_1214",0.331,0.669
"2015_1139_1217",0.352,0.648
"2015_1139_1231",0.425,0.575
"2015_1139_1234",0.529,0.471
"2015_1139_1235",0.657,0.343
"2015_1139_1242",0.719,0.281
"2015_1139_1246",0.776,0.224
"2015_1139_1248",0.288,0.712
"2015_1139_1257",0.641,0.359
"2015_1139_1261",0.469,0.531
"2015_1139_1264",0.323,0.677
"2015_1139_1268",0.566,0.434
"2015_1139_1277",0.557,0.443
"2015_1139_1279",0.313,0.687
"2015_1139_1295",0.284,0.716
"2015_1139_1301",0.493,0.507
"2015_1139_1308",0.352,0.648
"2015_1139_1314",0.703,0.297
"2015_1139_1316",0.313,0.687
"2015_1139_1318",0.274,0.726
"2015_1139_1320",0.525,0.475
"2015_1139_1323",0.634,0.366
"2015_1139_1326",0.530,0.470
"2015_1139_1328",0.620,0.380
"2015_1139_1329",0.509,0.491
"2015_1139_1332",0.427,0.573
"2015_1139_1344",0.500,0.500
"2015_1139_1345",0.427,0.573
"2015_1139_1352",0.291,0.709
"2015_1139_1361",0.498,0.502
"2015_1139_1372",0.428,0.572
"2015_1139_1374",0.527,0.473
"2015_1139_1385",0.453,0.547
"2015_1139_1400",0.484,0.516
"2015_1139_1411",0.293,0.707
"2015_1139_1412",0.307,0.693
"2015_1139_1414",0.268,0.732
"2015_1139_1417",0.443,0.557
"2015_1139_1428",0.542,0.458
"2015_1139_1433",0.540,0.460
"2015_1139_1434",0.319,0.681
"2015_1139_1437",0.691,0.309
"2015_1139_1438",0.622,0.378
"2015_1139_1452",0.522,0.478
"2015_1139_1455",0.559,0.441
"2015_1139_1458",0.705,0.295
"2015_1139_1459",0.284,0.716
"2015_1139_1461",0.276,0.724
"2015_1139_1462",0.434,0.566
"2015_1140_1153",0.488,0.512
"2015_1140_1157",0.406,0.594
"2015_1140_1172",0.518,0.482
"2015_1140_1173",0.421,0.579
"2015_1140_1181",0.870,0.130
"2015_1140_1186",0.418,0.582
"2015_1140_1207",0.509,0.491
"2015_1140_1208",0.469,0.531
"2015_1140_1209",0.442,0.558
"2015_1140_1211",0.732,0.268
"2015_1140_1214",0.403,0.597
"2015_1140_1217",0.449,0.551
"2015_1140_1231",0.478,0.522
"2015_1140_1234",0.564,0.436
"2015_1140_1235",0.684,0.316
"2015_1140_1242",0.785,0.215
"2015_1140_1246",0.847,0.153
"2015_1140_1248",0.379,0.621
"2015_1140_1257",0.601,0.399
"2015_1140_1261",0.513,0.487
"2015_1140_1264",0.385,0.615
"2015_1140_1268",0.537,0.463
"2015_1140_1277",0.572,0.428
"2015_1140_1279",0.410,0.590
"2015_1140_1295",0.416,0.584
"2015_1140_1301",0.577,0.423
"2015_1140_1308",0.453,0.547
"2015_1140_1314",0.719,0.281
"2015_1140_1316",0.403,0.597
"2015_1140_1318",0.375,0.625
"2015_1140_1320",0.560,0.440
"2015_1140_1323",0.671,0.329
"2015_1140_1326",0.612,0.388
"2015_1140_1328",0.621,0.379
"2015_1140_1329",0.556,0.444
"2015_1140_1332",0.524,0.476
"2015_1140_1344",0.512,0.488
"2015_1140_1345",0.507,0.493
"2015_1140_1352",0.385,0.615
"2015_1140_1361",0.521,0.479
"2015_1140_1372",0.451,0.549
"2015_1140_1374",0.521,0.479
"2015_1140_1385",0.551,0.449
"2015_1140_1400",0.562,0.438
"2015_1140_1411",0.379,0.621
"2015_1140_1412",0.413,0.587
"2015_1140_1414",0.383,0.617
"2015_1140_1417",0.512,0.488
"2015_1140_1428",0.547,0.453
"2015_1140_1433",0.526,0.474
"2015_1140_1434",0.414,0.586
"2015_1140_1437",0.794,0.206
"2015_1140_1438",0.692,0.308
"2015_1140_1452",0.567,0.433
"2015_1140_1455",0.563,0.437
"2015_1140_1458",0.754,0.246
"2015_1140_1459",0.402,0.598
"2015_1140_1461",0.408,0.592
"2015_1140_1462",0.514,0.486
"2015_1153_1157",0.481,0.519
"2015_1153_1172",0.575,0.425
"2015_1153_1173",0.479,0.521
"2015_1153_1181",0.874,0.126
"2015_1153_1186",0.517,0.483
"2015_1153_1207",0.593,0.407
"2015_1153_1208",0.534,0.466
"2015_1153_1209",0.535,0.465
"2015_1153_1211",0.760,0.240
"2015_1153_1214",0.504,0.496
"2015_1153_1217",0.496,0.504
"2015_1153_1231",0.544,0.456
"2015_1153_1234",0.633,0.367
"2015_1153_1235",0.733,0.267
"2015_1153_1242",0.751,0.249
"2015_1153_1246",0.846,0.154
"2015_1153_1248",0.447,0.553
"2015_1153_1257",0.684,0.316
"2015_1153_1261",0.592,0.408
"2015_1153_1264",0.477,0.523
"2015_1153_1268",0.572,0.428
"2015_1153_1277",0.652,0.348
"2015_1153_1279",0.529,0.471
"2015_1153_1295",0.469,0.531
"2015_1153_1301",0.603,0.397
"2015_1153_1308",0.549,0.451
"2015_1153_1314",0.771,0.229
"2015_1153_1316",0.501,0.499
"2015_1153_1318",0.481,0.519
"2015_1153_1320",0.609,0.391
"2015_1153_1323",0.722,0.278
"2015_1153_1326",0.673,0.327
"2015_1153_1328",0.667,0.333
"2015_1153_1329",0.571,0.429
"2015_1153_1332",0.571,0.429
"2015_1153_1344",0.591,0.409
"2015_1153_1345",0.575,0.425
"2015_1153_1352",0.478,0.522
"2015_1153_1361",0.551,0.449
"2015_1153_1372",0.588,0.412
"2015_1153_1374",0.610,0.390
"2015_1153_1385",0.576,0.424
"2015_1153_1400",0.613,0.387
"2015_1153_1411",0.469,0.531
"2015_1153_1412",0.535,0.465
"2015_1153_1414",0.459,0.541
"2015_1153_1417",0.596,0.404
"2015_1153_1428",0.650,0.350
"2015_1153_1433",0.596,0.404
"2015_1153_1434",0.501,0.499
"2015_1153_1437",0.808,0.192
"2015_1153_1438",0.711,0.289
"2015_1153_1452",0.646,0.354
"2015_1153_1455",0.651,0.349
"2015_1153_1458",0.753,0.247
"2015_1153_1459",0.468,0.532
"2015_1153_1461",0.455,0.545
"2015_1153_1462",0.591,0.409
"2015_1157_1172",0.646,0.354
"2015_1157_1173",0.679,0.321
"2015_1157_1181",0.986,0.014
"2015_1157_1186",0.661,0.339
"2015_1157_1207",0.802,0.198
"2015_1157_1208",0.695,0.305
"2015_1157_1209",0.713,0.287
"2015_1157_1211",0.938,0.062
"2015_1157_1214",0.534,0.466
"2015_1157_1217",0.519,0.481
"2015_1157_1231",0.629,0.371
"2015_1157_1234",0.760,0.240
"2015_1157_1235",0.904,0.096
"2015_1157_1242",0.898,0.102
"2015_1157_1246",0.972,0.028
"2015_1157_1248",0.613,0.387
"2015_1157_1257",0.899,0.101
"2015_1157_1261",0.705,0.295
"2015_1157_1264",0.703,0.297
"2015_1157_1268",0.737,0.263
"2015_1157_1277",0.794,0.206
"2015_1157_1279",0.727,0.273
"2015_1157_1295",0.525,0.475
"2015_1157_1301",0.763,0.237
"2015_1157_1308",0.689,0.311
"2015_1157_1314",0.960,0.040
"2015_1157_1316",0.712,0.288
"2015_1157_1318",0.688,0.312
"2015_1157_1320",0.777,0.223
"2015_1157_1323",0.916,0.084
"2015_1157_1326",0.795,0.205
"2015_1157_1328",0.903,0.097
"2015_1157_1329",0.609,0.391
"2015_1157_1332",0.701,0.299
"2015_1157_1344",0.731,0.269
"2015_1157_1345",0.727,0.273
"2015_1157_1352",0.692,0.308
"2015_1157_1361",0.584,0.416
"2015_1157_1372",0.729,0.271
"2015_1157_1374",0.744,0.256
"2015_1157_1385",0.744,0.256
"2015_1157_1400",0.759,0.241
"2015_1157_1411",0.633,0.367
"2015_1157_1412",0.761,0.239
"2015_1157_1414",0.642,0.358
"2015_1157_1417",0.747,0.253
"2015_1157_1428",0.821,0.179
"2015_1157_1433",0.690,0.310
"2015_1157_1434",0.691,0.309
"2015_1157_1437",0.950,0.050
"2015_1157_1438",0.895,0.105
"2015_1157_1452",0.774,0.226
"2015_1157_1455",0.867,0.133
"2015_1157_1458",0.901,0.099
"2015_1157_1459",0.705,0.295
"2015_1157_1461",0.586,0.414
"2015_1157_1462",0.677,0.323
"2015_1172_1173",0.324,0.676
"2015_1172_1181",0.802,0.198
"2015_1172_1186",0.372,0.628
"2015_1172_1207",0.365,0.635
"2015_1172_1208",0.362,0.638
"2015_1172_1209",0.359,0.641
"2015_1172_1211",0.642,0.358
"2015_1172_1214",0.326,0.674
"2015_1172_1217",0.389,0.611
"2015_1172_1231",0.388,0.612
"2015_1172_1234",0.434,0.566
"2015_1172_1235",0.528,0.472
"2015_1172_1242",0.638,0.362
"2015_1172_1246",0.797,0.203
"2015_1172_1248",0.316,0.684
"2015_1172_1257",0.483,0.517
"2015_1172_1261",0.398,0.602
"2015_1172_1264",0.308,0.692
"2015_1172_1268",0.430,0.570
"2015_1172_1277",0.446,0.554
"2015_1172_1279",0.320,0.680
"2015_1172_1295",0.349,0.651
"2015_1172_1301",0.431,0.569
"2015_1172_1308",0.371,0.629
"2015_1172_1314",0.569,0.431
"2015_1172_1316",0.325,0.675
"2015_1172_1318",0.291,0.709
"2015_1172_1320",0.456,0.544
"2015_1172_1323",0.543,0.457
"2015_1172_1326",0.439,0.561
"2015_1172_1328",0.475,0.525
"2015_1172_1329",0.461,0.539
"2015_1172_1332",0.392,0.608
"2015_1172_1344",0.376,0.624
"2015_1172_1345",0.371,0.629
"2015_1172_1352",0.297,0.703
"2015_1172_1361",0.419,0.581
"2015_1172_1372",0.368,0.632
"2015_1172_1374",0.386,0.614
"2015_1172_1385",0.440,0.560
"2015_1172_1400",0.403,0.597
"2015_1172_1411",0.295,0.705
"2015_1172_1412",0.319,0.681
"2015_1172_1414",0.316,0.684
"2015_1172_1417",0.370,0.630
"2015_1172_1428",0.411,0.589
"2015_1172_1433",0.424,0.576
"2015_1172_1434",0.363,0.637
"2015_1172_1437",0.739,0.261
"2015_1172_1438",0.609,0.391
"2015_1172_1452",0.447,0.553
"2015_1172_1455",0.451,0.549
"2015_1172_1458",0.695,0.305
"2015_1172_1459",0.336,0.664
"2015_1172_1461",0.334,0.666
"2015_1172_1462",0.341,0.659
"2015_1173_1181",0.893,0.107
"2015_1173_1186",0.473,0.527
"2015_1173_1207",0.561,0.439
"2015_1173_1208",0.535,0.465
"2015_1173_1209",0.493,0.507
"2015_1173_1211",0.779,0.221
"2015_1173_1214",0.442,0.558
"2015_1173_1217",0.481,0.519
"2015_1173_1231",0.542,0.458
"2015_1173_1234",0.658,0.342
"2015_1173_1235",0.729,0.271
"2015_1173_1242",0.802,0.198
"2015_1173_1246",0.862,0.138
"2015_1173_1248",0.427,0.573
"2015_1173_1257",0.652,0.348
"2015_1173_1261",0.616,0.384
"2015_1173_1264",0.422,0.578
"2015_1173_1268",0.601,0.399
"2015_1173_1277",0.651,0.349
"2015_1173_1279",0.484,0.516
"2015_1173_1295",0.429,0.571
"2015_1173_1301",0.634,0.366
"2015_1173_1308",0.485,0.515
"2015_1173_1314",0.764,0.236
"2015_1173_1316",0.460,0.540
"2015_1173_1318",0.434,0.566
"2015_1173_1320",0.613,0.387
"2015_1173_1323",0.722,0.278
"2015_1173_1326",0.690,0.310
"2015_1173_1328",0.656,0.344
"2015_1173_1329",0.600,0.400
"2015_1173_1332",0.609,0.391
"2015_1173_1344",0.573,0.427
"2015_1173_1345",0.604,0.396
"2015_1173_1352",0.430,0.570
"2015_1173_1361",0.598,0.402
"2015_1173_1372",0.548,0.452
"2015_1173_1374",0.603,0.397
"2015_1173_1385",0.627,0.373
"2015_1173_1400",0.643,0.357
"2015_1173_1411",0.426,0.574
"2015_1173_1412",0.463,0.537
"2015_1173_1414",0.423,0.577
"2015_1173_1417",0.571,0.429
"2015_1173_1428",0.604,0.396
"2015_1173_1433",0.579,0.421
"2015_1173_1434",0.460,0.540
"2015_1173_1437",0.822,0.178
"2015_1173_1438",0.706,0.294
"2015_1173_1452",0.583,0.417
"2015_1173_1455",0.618,0.382
"2015_1173_1458",0.758,0.242
"2015_1173_1459",0.433,0.567
"2015_1173_1461",0.432,0.568
"2015_1173_1462",0.586,0.414
"2015_1181_1186",0.204,0.796
"2015_1181_1207",0.126,0.874
"2015_1181_1208",0.108,0.892
"2015_1181_1209",0.080,0.920
"2015_1181_1211",0.316,0.684
"2015_1181_1214",0.106,0.894
"2015_1181_1217",0.071,0.929
"2015_1181_1231",0.231,0.769
"2015_1181_1234",0.139,0.861
"2015_1181_1235",0.373,0.627
"2015_1181_1242",0.370,0.630
"2015_1181_1246",0.537,0.463
"2015_1181_1248",0.045,0.955
"2015_1181_1257",0.344,0.656
"2015_1181_1261",0.122,0.878
"2015_1181_1264",0.052,0.948
"2015_1181_1268",0.219,0.781
"2015_1181_1277",0.255,0.745
"2015_1181_1279",0.099,0.901
"2015_1181_1295",0.035,0.965
"2015_1181_1301",0.138,0.862
"2015_1181_1308",0.069,0.931
"2015_1181_1314",0.319,0.681
"2015_1181_1316",0.053,0.947
"2015_1181_1318",0.036,0.964
"2015_1181_1320",0.213,0.787
"2015_1181_1323",0.320,0.680
"2015_1181_1326",0.218,0.782
"2015_1181_1328",0.325,0.675
"2015_1181_1329",0.139,0.861
"2015_1181_1332",0.161,0.839
"2015_1181_1344",0.161,0.839
"2015_1181_1345",0.103,0.897
"2015_1181_1352",0.057,0.943
"2015_1181_1361",0.172,0.828
"2015_1181_1372",0.147,0.853
"2015_1181_1374",0.220,0.780
"2015_1181_1385",0.092,0.908
"2015_1181_1400",0.195,0.805
"2015_1181_1411",0.079,0.921
"2015_1181_1412",0.035,0.965
"2015_1181_1414",0.037,0.963
"2015_1181_1417",0.118,0.882
"2015_1181_1428",0.240,0.760
"2015_1181_1433",0.295,0.705
"2015_1181_1434",0.057,0.943
"2015_1181_1437",0.391,0.609
"2015_1181_1438",0.325,0.675
"2015_1181_1452",0.268,0.732
"2015_1181_1455",0.229,0.771
"2015_1181_1458",0.464,0.536
"2015_1181_1459",0.054,0.946
"2015_1181_1461",0.029,0.971
"2015_1181_1462",0.146,0.854
"2015_1186_1207",0.818,0.182
"2015_1186_1208",0.690,0.310
"2015_1186_1209",0.702,0.298
"2015_1186_1211",0.922,0.078
"2015_1186_1214",0.538,0.462
"2015_1186_1217",0.512,0.488
"2015_1186_1231",0.639,0.361
"2015_1186_1234",0.777,0.223
"2015_1186_1235",0.892,0.108
"2015_1186_1242",0.900,0.100
"2015_1186_1246",0.955,0.045
"2015_1186_1248",0.601,0.399
"2015_1186_1257",0.904,0.096
"2015_1186_1261",0.683,0.317
"2015_1186_1264",0.712,0.288
"2015_1186_1268",0.739,0.261
"2015_1186_1277",0.804,0.196
"2015_1186_1279",0.715,0.285
"2015_1186_1295",0.544,0.456
"2015_1186_1301",0.772,0.228
"2015_1186_1308",0.674,0.326
"2015_1186_1314",0.954,0.046
"2015_1186_1316",0.703,0.297
"2015_1186_1318",0.665,0.335
"2015_1186_1320",0.775,0.225
"2015_1186_1323",0.905,0.095
"2015_1186_1326",0.814,0.186
"2015_1186_1328",0.912,0.088
"2015_1186_1329",0.627,0.373
"2015_1186_1332",0.718,0.282
"2015_1186_1344",0.743,0.257
"2015_1186_1345",0.718,0.282
"2015_1186_1352",0.691,0.309
"2015_1186_1361",0.606,0.394
"2015_1186_1372",0.722,0.278
"2015_1186_1374",0.747,0.253
"2015_1186_1385",0.744,0.256
"2015_1186_1400",0.786,0.214
"2015_1186_1411",0.634,0.366
"2015_1186_1412",0.734,0.266
"2015_1186_1414",0.637,0.363
"2015_1186_1417",0.742,0.258
"2015_1186_1428",0.821,0.179
"2015_1186_1433",0.717,0.283
"2015_1186_1434",0.663,0.337
"2015_1186_1437",0.935,0.065
"2015_1186_1438",0.880,0.120
"2015_1186_1452",0.791,0.209
"2015_1186_1455",0.870,0.130
"2015_1186_1458",0.885,0.115
"2015_1186_1459",0.705,0.295
"2015_1186_1461",0.596,0.404
"2015_1186_1462",0.691,0.309
"2015_1207_1208",0.448,0.552
"2015_1207_1209",0.378,0.622
"2015_1207_1211",0.628,0.372
"2015_1207_1214",0.374,0.626
"2015_1207_1217",0.356,0.644
"2015_1207_1231",0.468,0.532
"2015_1207_1234",0.553,0.447
"2015_1207_1235",0.642,0.358
"2015_1207_1242",0.709,0.291
"2015_1207_1246",0.769,0.231
"2015_1207_1248",0.303,0.697
"2015_1207_1257",0.640,0.360
"2015_1207_1261",0.507,0.493
"2015_1207_1264",0.336,0.664
"2015_1207_1268",0.563,0.437
"2015_1207_1277",0.580,0.420
"2015_1207_1279",0.370,0.630
"2015_1207_1295",0.303,0.697
"2015_1207_1301",0.518,0.482
"2015_1207_1308",0.361,0.639
"2015_1207_1314",0.674,0.326
"2015_1207_1316",0.319,0.681
"2015_1207_1318",0.291,0.709
"2015_1207_1320",0.535,0.465
"2015_1207_1323",0.612,0.388
"2015_1207_1326",0.564,0.436
"2015_1207_1328",0.640,0.360
"2015_1207_1329",0.527,0.473
"2015_1207_1332",0.486,0.514
"2015_1207_1344",0.529,0.471
"2015_1207_1345",0.458,0.542
"2015_1207_1352",0.326,0.674
"2015_1207_1361",0.526,0.474
"2015_1207_1372",0.455,0.545
"2015_1207_1374",0.561,0.439
"2015_1207_1385",0.486,0.514
"2015_1207_1400",0.528,0.472
"2015_1207_1411",0.322,0.678
"2015_1207_1412",0.350,0.650
"2015_1207_1414",0.296,0.704
"2015_1207_1417",0.483,0.517
"2015_1207_1428",0.579,0.421
"2015_1207_1433",0.573,0.427
"2015_1207_1434",0.359,0.641
"2015_1207_1437",0.662,0.338
"2015_1207_1438",0.599,0.401
"2015_1207_1452",0.551,0.449
"2015_1207_1455",0.615,0.385
"2015_1207_1458",0.681,0.319
"2015_1207_1459",0.330,0.670
"2015_1207_1461",0.286,0.714
"2015_1207_1462",0.483,0.517
"2015_1208_1209",0.491,0.509
"2015_1208_1211",0.806,0.194
"2015_1208_1214",0.459,0.541
"2015_1208_1217",0.473,0.527
"2015_1208_1231",0.530,0.470
"2015_1208_1234",0.667,0.333
"2015_1208_1235",0.752,0.248
"2015_1208_1242",0.833,0.167
"2015_1208_1246",0.873,0.127
"2015_1208_1248",0.405,0.595
"2015_1208_1257",0.680,0.320
"2015_1208_1261",0.579,0.421
"2015_1208_1264",0.446,0.554
"2015_1208_1268",0.593,0.407
"2015_1208_1277",0.637,0.363
"2015_1208_1279",0.482,0.518
"2015_1208_1295",0.459,0.541
"2015_1208_1301",0.631,0.369
"2015_1208_1308",0.495,0.505
"2015_1208_1314",0.791,0.209
"2015_1208_1316",0.446,0.554
"2015_1208_1318",0.447,0.553
"2015_1208_1320",0.616,0.384
"2015_1208_1323",0.757,0.243
"2015_1208_1326",0.666,0.334
"2015_1208_1328",0.697,0.303
"2015_1208_1329",0.589,0.411
"2015_1208_1332",0.582,0.418
"2015_1208_1344",0.608,0.392
"2015_1208_1345",0.588,0.412
"2015_1208_1352",0.446,0.554
"2015_1208_1361",0.550,0.450
"2015_1208_1372",0.515,0.485
"2015_1208_1374",0.592,0.408
"2015_1208_1385",0.576,0.424
"2015_1208_1400",0.618,0.382
"2015_1208_1411",0.438,0.562
"2015_1208_1412",0.482,0.518
"2015_1208_1414",0.412,0.588
"2015_1208_1417",0.573,0.427
"2015_1208_1428",0.627,0.373
"2015_1208_1433",0.603,0.397
"2015_1208_1434",0.440,0.560
"2015_1208_1437",0.830,0.170
"2015_1208_1438",0.753,0.247
"2015_1208_1452",0.615,0.385
"2015_1208_1455",0.634,0.366
"2015_1208_1458",0.785,0.215
"2015_1208_1459",0.436,0.564
"2015_1208_1461",0.428,0.572
"2015_1208_1462",0.602,0.398
"2015_1209_1211",0.889,0.111
"2015_1209_1214",0.537,0.463
"2015_1209_1217",0.520,0.480
"2015_1209_1231",0.616,0.384
"2015_1209_1234",0.740,0.260
"2015_1209_1235",0.849,0.151
"2015_1209_1242",0.856,0.144
"2015_1209_1246",0.927,0.073
"2015_1209_1248",0.584,0.416
"2015_1209_1257",0.836,0.164
"2015_1209_1261",0.672,0.328
"2015_1209_1264",0.649,0.351
"2015_1209_1268",0.715,0.285
"2015_1209_1277",0.749,0.251
"2015_1209_1279",0.661,0.339
"2015_1209_1295",0.528,0.472
"2015_1209_1301",0.737,0.263
"2015_1209_1308",0.648,0.352
"2015_1209_1314",0.881,0.119
"2015_1209_1316",0.667,0.333
"2015_1209_1318",0.642,0.358
"2015_1209_1320",0.744,0.256
"2015_1209_1323",0.864,0.136
"2015_1209_1326",0.765,0.235
"2015_1209_1328",0.843,0.157
"2015_1209_1329",0.615,0.385
"2015_1209_1332",0.683,0.317
"2015_1209_1344",0.714,0.286
"2015_1209_1345",0.680,0.320
"2015_1209_1352",0.656,0.344
"2015_1209_1361",0.614,0.386
"2015_1209_1372",0.726,0.274
"2015_1209_1374",0.713,0.287
"2015_1209_1385",0.723,0.277
"2015_1209_1400",0.744,0.256
"2015_1209_1411",0.600,0.400
"2015_1209_1412",0.705,0.295
"2015_1209_1414",0.608,0.392
"2015_1209_1417",0.706,0.294
"2015_1209_1428",0.775,0.225
"2015_1209_1433",0.661,0.339
"2015_1209_1434",0.662,0.338
"2015_1209_1437",0.897,0.103
"2015_1209_1438",0.844,0.156
"2015_1209_1452",0.740,0.260
"2015_1209_1455",0.829,0.171
"2015_1209_1458",0.848,0.152
"2015_1209_1459",0.689,0.311
"2015_1209_1461",0.570,0.430
"2015_1209_1462",0.662,0.338
"2015_1211_1214",0.189,0.811
"2015_1211_1217",0.130,0.870
"2015_1211_1231",0.294,0.706
"2015_1211_1234",0.235,0.765
"2015_1211_1235",0.386,0.614
"2015_1211_1242",0.382,0.618
"2015_1211_1246",0.534,0.466
"2015_1211_1248",0.109,0.891
"2015_1211_1257",0.362,0.638
"2015_1211_1261",0.218,0.782
"2015_1211_1264",0.112,0.888
"2015_1211_1268",0.274,0.726
"2015_1211_1277",0.319,0.681
"2015_1211_1279",0.182,0.818
"2015_1211_1295",0.090,0.910
"2015_1211_1301",0.243,0.757
"2015_1211_1308",0.120,0.880
"2015_1211_1314",0.350,0.650
"2015_1211_1316",0.114,0.886
"2015_1211_1318",0.102,0.898
"2015_1211_1320",0.250,0.750
"2015_1211_1323",0.331,0.669
"2015_1211_1326",0.285,0.715
"2015_1211_1328",0.348,0.652
"2015_1211_1329",0.223,0.777
"2015_1211_1332",0.245,0.755
"2015_1211_1344",0.254,0.746
"2015_1211_1345",0.214,0.786
"2015_1211_1352",0.135,0.865
"2015_1211_1361",0.259,0.741
"2015_1211_1372",0.227,0.773
"2015_1211_1374",0.276,0.724
"2015_1211_1385",0.185,0.815
"2015_1211_1400",0.289,0.711
"2015_1211_1411",0.152,0.848
"2015_1211_1412",0.107,0.893
"2015_1211_1414",0.100,0.900
"2015_1211_1417",0.202,0.798
"2015_1211_1428",0.288,0.712
"2015_1211_1433",0.379,0.621
"2015_1211_1434",0.130,0.870
"2015_1211_1437",0.400,0.600
"2015_1211_1438",0.327,0.673
"2015_1211_1452",0.326,0.674
"2015_1211_1455",0.282,0.718
"2015_1211_1458",0.452,0.548
"2015_1211_1459",0.124,0.876
"2015_1211_1461",0.088,0.912
"2015_1211_1462",0.243,0.757
"2015_1214_1217",0.526,0.474
"2015_1214_1231",0.662,0.338
"2015_1214_1234",0.779,0.221
"2015_1214_1235",0.911,0.089
"2015_1214_1242",0.903,0.097
"2015_1214_1246",0.985,0.015
"2015_1214_1248",0.646,0.354
"2015_1214_1257",0.892,0.108
"2015_1214_1261",0.709,0.291
"2015_1214_1264",0.769,0.231
"2015_1214_1268",0.751,0.249
"2015_1214_1277",0.795,0.205
"2015_1214_1279",0.754,0.246
"2015_1214_1295",0.551,0.449
"2015_1214_1301",0.771,0.229
"2015_1214_1308",0.738,0.262
"2015_1214_1314",0.946,0.054
"2015_1214_1316",0.740,0.260
"2015_1214_1318",0.719,0.281
"2015_1214_1320",0.794,0.206
"2015_1214_1323",0.917,0.083
"2015_1214_1326",0.799,0.201
"2015_1214_1328",0.899,0.101
"2015_1214_1329",0.633,0.367
"2015_1214_1332",0.726,0.274
"2015_1214_1344",0.760,0.240
"2015_1214_1345",0.746,0.254
"2015_1214_1352",0.762,0.238
"2015_1214_1361",0.603,0.397
"2015_1214_1372",0.757,0.243
"2015_1214_1374",0.771,0.229
"2015_1214_1385",0.763,0.237
"2015_1214_1400",0.779,0.221
"2015_1214_1411",0.705,0.295
"2015_1214_1412",0.803,0.197
"2015_1214_1414",0.682,0.318
"2015_1214_1417",0.764,0.236
"2015_1214_1428",0.830,0.170
"2015_1214_1433",0.736,0.264
"2015_1214_1434",0.719,0.281
"2015_1214_1437",0.965,0.035
"2015_1214_1438",0.920,0.080
"2015_1214_1452",0.801,0.199
"2015_1214_1455",0.872,0.128
"2015_1214_1458",0.915,0.085
"2015_1214_1459",0.778,0.222
"2015_1214_1461",0.640,0.360
"2015_1214_1462",0.703,0.297
"2015_1217_1231",0.504,0.496
"2015_1217_1234",0.621,0.379
"2015_1217_1235",0.794,0.206
"2015_1217_1242",0.798,0.202
"2015_1217_1246",0.869,0.131
"2015_1217_1248",0.498,0.502
"2015_1217_1257",0.803,0.197
"2015_1217_1261",0.543,0.457
"2015_1217_1264",0.555,0.445
"2015_1217_1268",0.624,0.376
"2015_1217_1277",0.681,0.319
"2015_1217_1279",0.566,0.434
"2015_1217_1295",0.468,0.532
"2015_1217_1301",0.611,0.389
"2015_1217_1308",0.544,0.456
"2015_1217_1314",0.858,0.142
"2015_1217_1316",0.542,0.458
"2015_1217_1318",0.514,0.486
"2015_1217_1320",0.673,0.327
"2015_1217_1323",0.810,0.190
"2015_1217_1326",0.672,0.328
"2015_1217_1328",0.780,0.220
"2015_1217_1329",0.540,0.460
"2015_1217_1332",0.539,0.461
"2015_1217_1344",0.595,0.405
"2015_1217_1345",0.566,0.434
"2015_1217_1352",0.541,0.459
"2015_1217_1361",0.506,0.494
"2015_1217_1372",0.606,0.394
"2015_1217_1374",0.610,0.390
"2015_1217_1385",0.584,0.416
"2015_1217_1400",0.623,0.377
"2015_1217_1411",0.521,0.479
"2015_1217_1412",0.580,0.420
"2015_1217_1414",0.515,0.485
"2015_1217_1417",0.579,0.421
"2015_1217_1428",0.719,0.281
"2015_1217_1433",0.549,0.451
"2015_1217_1434",0.558,0.442
"2015_1217_1437",0.837,0.163
"2015_1217_1438",0.780,0.220
"2015_1217_1452",0.641,0.359
"2015_1217_1455",0.744,0.256
"2015_1217_1458",0.794,0.206
"2015_1217_1459",0.559,0.441
"2015_1217_1461",0.488,0.512
"2015_1217_1462",0.535,0.465
"2015_1231_1234",0.617,0.383
"2015_1231_1235",0.767,0.233
"2015_1231_1242",0.820,0.180
"2015_1231_1246",0.887,0.113
"2015_1231_1248",0.420,0.580
"2015_1231_1257",0.699,0.301
"2015_1231_1261",0.536,0.464
"2015_1231_1264",0.430,0.570
"2015_1231_1268",0.569,0.431
"2015_1231_1277",0.675,0.325
"2015_1231_1279",0.435,0.565
"2015_1231_1295",0.433,0.567
"2015_1231_1301",0.573,0.427
"2015_1231_1308",0.458,0.542
"2015_1231_1314",0.804,0.196
"2015_1231_1316",0.442,0.558
"2015_1231_1318",0.410,0.590
"2015_1231_1320",0.593,0.407
"2015_1231_1323",0.766,0.234
"2015_1231_1326",0.674,0.326
"2015_1231_1328",0.713,0.287
"2015_1231_1329",0.536,0.464
"2015_1231_1332",0.540,0.460
"2015_1231_1344",0.553,0.447
"2015_1231_1345",0.520,0.480
"2015_1231_1352",0.423,0.577
"2015_1231_1361",0.512,0.488
"2015_1231_1372",0.504,0.496
"2015_1231_1374",0.555,0.445
"2015_1231_1385",0.543,0.457
"2015_1231_1400",0.609,0.391
"2015_1231_1411",0.391,0.609
"2015_1231_1412",0.460,0.540
"2015_1231_1414",0.401,0.599
"2015_1231_1417",0.553,0.447
"2015_1231_1428",0.658,0.342
"2015_1231_1433",0.565,0.435
"2015_1231_1434",0.428,0.572
"2015_1231_1437",0.871,0.129
"2015_1231_1438",0.775,0.225
"2015_1231_1452",0.630,0.370
"2015_1231_1455",0.675,0.325
"2015_1231_1458",0.809,0.191
"2015_1231_1459",0.404,0.596
"2015_1231_1461",0.399,0.601
"2015_1231_1462",0.528,0.472
"2015_1234_1235",0.712,0.288
"2015_1234_1242",0.772,0.228
"2015_1234_1246",0.834,0.166
"2015_1234_1248",0.350,0.650
"2015_1234_1257",0.647,0.353
"2015_1234_1261",0.484,0.516
"2015_1234_1264",0.390,0.610
"2015_1234_1268",0.559,0.441
"2015_1234_1277",0.595,0.405
"2015_1234_1279",0.379,0.621
"2015_1234_1295",0.371,0.629
"2015_1234_1301",0.511,0.489
"2015_1234_1308",0.446,0.554
"2015_1234_1314",0.735,0.265
"2015_1234_1316",0.389,0.611
"2015_1234_1318",0.348,0.652
"2015_1234_1320",0.576,0.424
"2015_1234_1323",0.701,0.299
"2015_1234_1326",0.571,0.429
"2015_1234_1328",0.635,0.365
"2015_1234_1329",0.545,0.455
"2015_1234_1332",0.469,0.531
"2015_1234_1344",0.483,0.517
"2015_1234_1345",0.455,0.545
"2015_1234_1352",0.369,0.631
"2015_1234_1361",0.497,0.503
"2015_1234_1372",0.468,0.532
"2015_1234_1374",0.543,0.457
"2015_1234_1385",0.500,0.500
"2015_1234_1400",0.532,0.468
"2015_1234_1411",0.369,0.631
"2015_1234_1412",0.397,0.603
"2015_1234_1414",0.346,0.654
"2015_1234_1417",0.461,0.539
"2015_1234_1428",0.582,0.418
"2015_1234_1433",0.531,0.469
"2015_1234_1434",0.378,0.622
"2015_1234_1437",0.781,0.219
"2015_1234_1438",0.701,0.299
"2015_1234_1452",0.519,0.481
"2015_1234_1455",0.589,0.411
"2015_1234_1458",0.760,0.240
"2015_1234_1459",0.345,0.655
"2015_1234_1461",0.343,0.657
"2015_1234_1462",0.469,0.531
"2015_1235_1242",0.498,0.502
"2015_1235_1246",0.650,0.350
"2015_1235_1248",0.115,0.885
"2015_1235_1257",0.466,0.534
"2015_1235_1261",0.224,0.776
"2015_1235_1264",0.147,0.853
"2015_1235_1268",0.342,0.658
"2015_1235_1277",0.355,0.645
"2015_1235_1279",0.193,0.807
"2015_1235_1295",0.082,0.918
"2015_1235_1301",0.266,0.734
"2015_1235_1308",0.112,0.888
"2015_1235_1314",0.414,0.586
"2015_1235_1316",0.135,0.865
"2015_1235_1318",0.108,0.892
"2015_1235_1320",0.354,0.646
"2015_1235_1323",0.415,0.585
"2015_1235_1326",0.334,0.666
"2015_1235_1328",0.438,0.562
"2015_1235_1329",0.294,0.706
"2015_1235_1332",0.244,0.756
"2015_1235_1344",0.300,0.700
"2015_1235_1345",0.219,0.781
"2015_1235_1352",0.155,0.845
"2015_1235_1361",0.309,0.691
"2015_1235_1372",0.254,0.746
"2015_1235_1374",0.323,0.677
"2015_1235_1385",0.232,0.768
"2015_1235_1400",0.309,0.691
"2015_1235_1411",0.134,0.866
"2015_1235_1412",0.130,0.870
"2015_1235_1414",0.090,0.910
"2015_1235_1417",0.241,0.759
"2015_1235_1428",0.370,0.630
"2015_1235_1433",0.368,0.632
"2015_1235_1434",0.130,0.870
"2015_1235_1437",0.479,0.521
"2015_1235_1438",0.422,0.578
"2015_1235_1452",0.365,0.635
"2015_1235_1455",0.373,0.627
"2015_1235_1458",0.515,0.485
"2015_1235_1459",0.121,0.879
"2015_1235_1461",0.084,0.916
"2015_1235_1462",0.286,0.714
"2015_1242_1246",0.583,0.417
"2015_1242_1248",0.163,0.837
"2015_1242_1257",0.421,0.579
"2015_1242_1261",0.268,0.732
"2015_1242_1264",0.173,0.827
"2015_1242_1268",0.310,0.690
"2015_1242_1277",0.322,0.678
"2015_1242_1279",0.232,0.768
"2015_1242_1295",0.117,0.883
"2015_1242_1301",0.264,0.736
"2015_1242_1308",0.145,0.855
"2015_1242_1314",0.379,0.621
"2015_1242_1316",0.162,0.838
"2015_1242_1318",0.133,0.867
"2015_1242_1320",0.333,0.667
"2015_1242_1323",0.388,0.612
"2015_1242_1326",0.328,0.672
"2015_1242_1328",0.405,0.595
"2015_1242_1329",0.297,0.703
"2015_1242_1332",0.281,0.719
"2015_1242_1344",0.282,0.718
"2015_1242_1345",0.260,0.740
"2015_1242_1352",0.182,0.818
"2015_1242_1361",0.315,0.685
"2015_1242_1372",0.295,0.705
"2015_1242_1374",0.327,0.673
"2015_1242_1385",0.247,0.753
"2015_1242_1400",0.325,0.675
"2015_1242_1411",0.165,0.835
"2015_1242_1412",0.149,0.851
"2015_1242_1414",0.126,0.874
"2015_1242_1417",0.271,0.729
"2015_1242_1428",0.340,0.660
"2015_1242_1433",0.386,0.614
"2015_1242_1434",0.168,0.832
"2015_1242_1437",0.422,0.578
"2015_1242_1438",0.388,0.612
"2015_1242_1452",0.379,0.621
"2015_1242_1455",0.356,0.644
"2015_1242_1458",0.467,0.533
"2015_1242_1459",0.168,0.832
"2015_1242_1461",0.125,0.875
"2015_1242_1462",0.291,0.709
"2015_1246_1248",0.075,0.925
"2015_1246_1257",0.293,0.707
"2015_1246_1261",0.135,0.865
"2015_1246_1264",0.066,0.934
"2015_1246_1268",0.256,0.744
"2015_1246_1277",0.215,0.785
"2015_1246_1279",0.119,0.881
"2015_1246_1295",0.064,0.936
"2015_1246_1301",0.132,0.868
"2015_1246_1308",0.075,0.925
"2015_1246_1314",0.330,0.670
"2015_1246_1316",0.071,0.929
"2015_1246_1318",0.052,0.948
"2015_1246_1320",0.285,0.715
"2015_1246_1323",0.367,0.633
"2015_1246_1326",0.194,0.806
"2015_1246_1328",0.312,0.688
"2015_1246_1329",0.162,0.838
"2015_1246_1332",0.154,0.846
"2015_1246_1344",0.135,0.865
"2015_1246_1345",0.104,0.896
"2015_1246_1352",0.069,0.931
"2015_1246_1361",0.193,0.807
"2015_1246_1372",0.194,0.806
"2015_1246_1374",0.267,0.733
"2015_1246_1385",0.112,0.888
"2015_1246_1400",0.192,0.808
"2015_1246_1411",0.064,0.936
"2015_1246_1412",0.043,0.957
"2015_1246_1414",0.068,0.932
"2015_1246_1417",0.125,0.875
"2015_1246_1428",0.251,0.749
"2015_1246_1433",0.254,0.746
"2015_1246_1434",0.104,0.896
"2015_1246_1437",0.398,0.602
"2015_1246_1438",0.426,0.574
"2015_1246_1452",0.212,0.788
"2015_1246_1455",0.232,0.768
"2015_1246_1458",0.503,0.497
"2015_1246_1459",0.090,0.910
"2015_1246_1461",0.077,0.923
"2015_1246_1462",0.132,0.868
"2015_1248_1257",0.883,0.117
"2015_1248_1261",0.647,0.353
"2015_1248_1264",0.668,0.332
"2015_1248_1268",0.707,0.293
"2015_1248_1277",0.766,0.234
"2015_1248_1279",0.672,0.328
"2015_1248_1295",0.503,0.497
"2015_1248_1301",0.704,0.296
"2015_1248_1308",0.634,0.366
"2015_1248_1314",0.939,0.061
"2015_1248_1316",0.654,0.346
"2015_1248_1318",0.611,0.389
"2015_1248_1320",0.751,0.249
"2015_1248_1323",0.888,0.112
"2015_1248_1326",0.769,0.231
"2015_1248_1328",0.869,0.131
"2015_1248_1329",0.587,0.413
"2015_1248_1332",0.650,0.350
"2015_1248_1344",0.680,0.320
"2015_1248_1345",0.649,0.351
"2015_1248_1352",0.639,0.361
"2015_1248_1361",0.559,0.441
"2015_1248_1372",0.697,0.303
"2015_1248_1374",0.695,0.305
"2015_1248_1385",0.691,0.309
"2015_1248_1400",0.717,0.283
"2015_1248_1411",0.591,0.409
"2015_1248_1412",0.685,0.315
"2015_1248_1414",0.597,0.403
"2015_1248_1417",0.683,0.317
"2015_1248_1428",0.782,0.218
"2015_1248_1433",0.655,0.345
"2015_1248_1434",0.641,0.359
"2015_1248_1437",0.931,0.069
"2015_1248_1438",0.867,0.133
"2015_1248_1452",0.736,0.264
"2015_1248_1455",0.820,0.180
"2015_1248_1458",0.885,0.115
"2015_1248_1459",0.661,0.339
"2015_1248_1461",0.555,0.445
"2015_1248_1462",0.643,0.357
"2015_1257_1261",0.368,0.632
"2015_1257_1264",0.278,0.722
"2015_1257_1268",0.430,0.570
"2015_1257_1277",0.433,0.567
"2015_1257_1279",0.311,0.689
"2015_1257_1295",0.229,0.771
"2015_1257_1301",0.395,0.605
"2015_1257_1308",0.267,0.733
"2015_1257_1314",0.491,0.509
"2015_1257_1316",0.247,0.753
"2015_1257_1318",0.220,0.780
"2015_1257_1320",0.446,0.554
"2015_1257_1323",0.473,0.527
"2015_1257_1326",0.429,0.571
"2015_1257_1328",0.512,0.488
"2015_1257_1329",0.415,0.585
"2015_1257_1332",0.384,0.616
"2015_1257_1344",0.405,0.595
"2015_1257_1345",0.345,0.655
"2015_1257_1352",0.263,0.737
"2015_1257_1361",0.424,0.576
"2015_1257_1372",0.360,0.640
"2015_1257_1374",0.445,0.555
"2015_1257_1385",0.356,0.644
"2015_1257_1400",0.422,0.578
"2015_1257_1411",0.243,0.757
"2015_1257_1412",0.240,0.760
"2015_1257_1414",0.219,0.781
"2015_1257_1417",0.348,0.652
"2015_1257_1428",0.458,0.542
"2015_1257_1433",0.455,0.545
"2015_1257_1434",0.291,0.709
"2015_1257_1437",0.500,0.500
"2015_1257_1438",0.483,0.517
"2015_1257_1452",0.465,0.535
"2015_1257_1455",0.481,0.519
"2015_1257_1458",0.536,0.464
"2015_1257_1459",0.280,0.720
"2015_1257_1461",0.235,0.765
"2015_1257_1462",0.377,0.623
"2015_1261_1264",0.458,0.542
"2015_1261_1268",0.521,0.479
"2015_1261_1277",0.630,0.370
"2015_1261_1279",0.468,0.532
"2015_1261_1295",0.471,0.529
"2015_1261_1301",0.589,0.411
"2015_1261_1308",0.487,0.513
"2015_1261_1314",0.753,0.247
"2015_1261_1316",0.472,0.528
"2015_1261_1318",0.445,0.555
"2015_1261_1320",0.570,0.430
"2015_1261_1323",0.693,0.307
"2015_1261_1326",0.677,0.323
"2015_1261_1328",0.658,0.342
"2015_1261_1329",0.563,0.437
"2015_1261_1332",0.526,0.474
"2015_1261_1344",0.571,0.429
"2015_1261_1345",0.560,0.440
"2015_1261_1352",0.463,0.537
"2015_1261_1361",0.524,0.476
"2015_1261_1372",0.513,0.487
"2015_1261_1374",0.552,0.448
"2015_1261_1385",0.567,0.433
"2015_1261_1400",0.604,0.396
"2015_1261_1411",0.449,0.551
"2015_1261_1412",0.497,0.503
"2015_1261_1414",0.450,0.550
"2015_1261_1417",0.563,0.437
"2015_1261_1428",0.599,0.401
"2015_1261_1433",0.572,0.428
"2015_1261_1434",0.458,0.542
"2015_1261_1437",0.807,0.193
"2015_1261_1438",0.702,0.298
"2015_1261_1452",0.618,0.382
"2015_1261_1455",0.612,0.388
"2015_1261_1458",0.747,0.253
"2015_1261_1459",0.439,0.561
"2015_1261_1461",0.444,0.556
"2015_1261_1462",0.569,0.431
"2015_1264_1268",0.759,0.241
"2015_1264_1277",0.807,0.193
"2015_1264_1279",0.706,0.294
"2015_1264_1295",0.493,0.507
"2015_1264_1301",0.764,0.236
"2015_1264_1308",0.678,0.322
"2015_1264_1314",0.955,0.045
"2015_1264_1316",0.701,0.299
"2015_1264_1318",0.688,0.312
"2015_1264_1320",0.795,0.205
"2015_1264_1323",0.928,0.072
"2015_1264_1326",0.811,0.189
"2015_1264_1328",0.905,0.095
"2015_1264_1329",0.591,0.409
"2015_1264_1332",0.708,0.292
"2015_1264_1344",0.743,0.257
"2015_1264_1345",0.710,0.290
"2015_1264_1352",0.703,0.297
"2015_1264_1361",0.566,0.434
"2015_1264_1372",0.731,0.269
"2015_1264_1374",0.763,0.237
"2015_1264_1385",0.737,0.263
"2015_1264_1400",0.769,0.231
"2015_1264_1411",0.642,0.358
"2015_1264_1412",0.745,0.255
"2015_1264_1414",0.634,0.366
"2015_1264_1417",0.738,0.262
"2015_1264_1428",0.831,0.169
"2015_1264_1433",0.702,0.298
"2015_1264_1434",0.684,0.316
"2015_1264_1437",0.961,0.039
"2015_1264_1438",0.918,0.082
"2015_1264_1452",0.797,0.203
"2015_1264_1455",0.861,0.139
"2015_1264_1458",0.916,0.084
"2015_1264_1459",0.722,0.278
"2015_1264_1461",0.584,0.416
"2015_1264_1462",0.691,0.309
"2015_1268_1277",0.448,0.552
"2015_1268_1279",0.384,0.616
"2015_1268_1295",0.259,0.741
"2015_1268_1301",0.438,0.562
"2015_1268_1308",0.297,0.703
"2015_1268_1314",0.536,0.464
"2015_1268_1316",0.310,0.690
"2015_1268_1318",0.279,0.721
"2015_1268_1320",0.452,0.548
"2015_1268_1323",0.507,0.493
"2015_1268_1326",0.488,0.512
"2015_1268_1328",0.545,0.455
"2015_1268_1329",0.462,0.538
"2015_1268_1332",0.419,0.581
"2015_1268_1344",0.457,0.543
"2015_1268_1345",0.420,0.580
"2015_1268_1352",0.299,0.701
"2015_1268_1361",0.478,0.522
"2015_1268_1372",0.415,0.585
"2015_1268_1374",0.458,0.542
"2015_1268_1385",0.414,0.586
"2015_1268_1400",0.438,0.562
"2015_1268_1411",0.284,0.716
"2015_1268_1412",0.290,0.710
"2015_1268_1414",0.268,0.732
"2015_1268_1417",0.449,0.551
"2015_1268_1428",0.479,0.521
"2015_1268_1433",0.529,0.471
"2015_1268_1434",0.346,0.654
"2015_1268_1437",0.559,0.441
"2015_1268_1438",0.508,0.492
"2015_1268_1452",0.504,0.496
"2015_1268_1455",0.522,0.478
"2015_1268_1458",0.586,0.414
"2015_1268_1459",0.318,0.682
"2015_1268_1461",0.284,0.716
"2015_1268_1462",0.407,0.593
"2015_1277_1279",0.314,0.686
"2015_1277_1295",0.270,0.730
"2015_1277_1301",0.441,0.559
"2015_1277_1308",0.318,0.682
"2015_1277_1314",0.533,0.467
"2015_1277_1316",0.263,0.737
"2015_1277_1318",0.245,0.755
"2015_1277_1320",0.471,0.529
"2015_1277_1323",0.482,0.518
"2015_1277_1326",0.472,0.528
"2015_1277_1328",0.518,0.482
"2015_1277_1329",0.486,0.514
"2015_1277_1332",0.418,0.582
"2015_1277_1344",0.439,0.561
"2015_1277_1345",0.389,0.611
"2015_1277_1352",0.288,0.712
"2015_1277_1361",0.446,0.554
"2015_1277_1372",0.392,0.608
"2015_1277_1374",0.460,0.540
"2015_1277_1385",0.420,0.580
"2015_1277_1400",0.449,0.551
"2015_1277_1411",0.270,0.730
"2015_1277_1412",0.284,0.716
"2015_1277_1414",0.252,0.748
"2015_1277_1417",0.393,0.607
"2015_1277_1428",0.464,0.536
"2015_1277_1433",0.466,0.534
"2015_1277_1434",0.326,0.674
"2015_1277_1437",0.526,0.474
"2015_1277_1438",0.498,0.502
"2015_1277_1452",0.483,0.517
"2015_1277_1455",0.499,0.501
"2015_1277_1458",0.543,0.457
"2015_1277_1459",0.275,0.725
"2015_1277_1461",0.233,0.767
"2015_1277_1462",0.398,0.602
"2015_1279_1295",0.460,0.540
"2015_1279_1301",0.637,0.363
"2015_1279_1308",0.513,0.487
"2015_1279_1314",0.851,0.149
"2015_1279_1316",0.506,0.494
"2015_1279_1318",0.474,0.526
"2015_1279_1320",0.637,0.363
"2015_1279_1323",0.778,0.222
"2015_1279_1326",0.714,0.286
"2015_1279_1328",0.760,0.240
"2015_1279_1329",0.584,0.416
"2015_1279_1332",0.570,0.430
"2015_1279_1344",0.599,0.401
"2015_1279_1345",0.561,0.439
"2015_1279_1352",0.488,0.512
"2015_1279_1361",0.560,0.440
"2015_1279_1372",0.562,0.438
"2015_1279_1374",0.610,0.390
"2015_1279_1385",0.590,0.410
"2015_1279_1400",0.673,0.327
"2015_1279_1411",0.475,0.525
"2015_1279_1412",0.525,0.475
"2015_1279_1414",0.464,0.536
"2015_1279_1417",0.587,0.413
"2015_1279_1428",0.700,0.300
"2015_1279_1433",0.605,0.395
"2015_1279_1434",0.499,0.501
"2015_1279_1437",0.867,0.133
"2015_1279_1438",0.794,0.206
"2015_1279_1452",0.683,0.317
"2015_1279_1455",0.728,0.272
"2015_1279_1458",0.791,0.209
"2015_1279_1459",0.490,0.510
"2015_1279_1461",0.466,0.534
"2015_1279_1462",0.594,0.406
"2015_1295_1301",0.743,0.257
"2015_1295_1308",0.685,0.315
"2015_1295_1314",0.937,0.063
"2015_1295_1316",0.698,0.302
"2015_1295_1318",0.662,0.338
"2015_1295_1320",0.755,0.245
"2015_1295_1323",0.892,0.108
"2015_1295_1326",0.776,0.224
"2015_1295_1328",0.875,0.125
"2015_1295_1329",0.610,0.390
"2015_1295_1332",0.681,0.319
"2015_1295_1344",0.715,0.285
"2015_1295_1345",0.706,0.294
"2015_1295_1352",0.672,0.328
"2015_1295_1361",0.587,0.413
"2015_1295_1372",0.714,0.286
"2015_1295_1374",0.738,0.262
"2015_1295_1385",0.723,0.277
"2015_1295_1400",0.733,0.267
"2015_1295_1411",0.626,0.374
"2015_1295_1412",0.739,0.261
"2015_1295_1414",0.634,0.366
"2015_1295_1417",0.718,0.282
"2015_1295_1428",0.806,0.194
"2015_1295_1433",0.679,0.321
"2015_1295_1434",0.683,0.317
"2015_1295_1437",0.925,0.075
"2015_1295_1438",0.866,0.134
"2015_1295_1452",0.755,0.245
"2015_1295_1455",0.842,0.158
"2015_1295_1458",0.890,0.110
"2015_1295_1459",0.703,0.297
"2015_1295_1461",0.595,0.405
"2015_1295_1462",0.667,0.333
"2015_1301_1308",0.495,0.505
"2015_1301_1314",0.735,0.265
"2015_1301_1316",0.453,0.547
"2015_1301_1318",0.410,0.590
"2015_1301_1320",0.588,0.412
"2015_1301_1323",0.688,0.312
"2015_1301_1326",0.632,0.368
"2015_1301_1328",0.624,0.376
"2015_1301_1329",0.578,0.422
"2015_1301_1332",0.544,0.456
"2015_1301_1344",0.569,0.431
"2015_1301_1345",0.526,0.474
"2015_1301_1352",0.424,0.576
"2015_1301_1361",0.529,0.471
"2015_1301_1372",0.489,0.511
"2015_1301_1374",0.542,0.458
"2015_1301_1385",0.558,0.442
"2015_1301_1400",0.578,0.422
"2015_1301_1411",0.409,0.591
"2015_1301_1412",0.436,0.564
"2015_1301_1414",0.420,0.580
"2015_1301_1417",0.531,0.469
"2015_1301_1428",0.567,0.433
"2015_1301_1433",0.567,0.433
"2015_1301_1434",0.445,0.555
"2015_1301_1437",0.791,0.209
"2015_1301_1438",0.706,0.294
"2015_1301_1452",0.553,0.447
"2015_1301_1455",0.591,0.409
"2015_1301_1458",0.756,0.244
"2015_1301_1459",0.418,0.582
"2015_1301_1461",0.419,0.581
"2015_1301_1462",0.528,0.472
"2015_1308_1314",0.961,0.039
"2015_1308_1316",0.714,0.286
"2015_1308_1318",0.696,0.304
"2015_1308_1320",0.793,0.207
"2015_1308_1323",0.930,0.070
"2015_1308_1326",0.818,0.182
"2015_1308_1328",0.912,0.088
"2015_1308_1329",0.618,0.382
"2015_1308_1332",0.702,0.298
"2015_1308_1344",0.746,0.254
"2015_1308_1345",0.718,0.282
"2015_1308_1352",0.695,0.305
"2015_1308_1361",0.610,0.390
"2015_1308_1372",0.741,0.259
"2015_1308_1374",0.757,0.243
"2015_1308_1385",0.741,0.259
"2015_1308_1400",0.771,0.229
"2015_1308_1411",0.639,0.361
"2015_1308_1412",0.755,0.245
"2015_1308_1414",0.652,0.348
"2015_1308_1417",0.737,0.263
"2015_1308_1428",0.851,0.149
"2015_1308_1433",0.686,0.314
"2015_1308_1434",0.693,0.307
"2015_1308_1437",0.956,0.044
"2015_1308_1438",0.912,0.088
"2015_1308_1452",0.790,0.210
"2015_1308_1455",0.874,0.126
"2015_1308_1458",0.902,0.098
"2015_1308_1459",0.715,0.285
"2015_1308_1461",0.609,0.391
"2015_1308_1462",0.688,0.312
"2015_1314_1316",0.230,0.770
"2015_1314_1318",0.211,0.789
"2015_1314_1320",0.341,0.659
"2015_1314_1323",0.340,0.660
"2015_1314_1326",0.321,0.679
"2015_1314_1328",0.387,0.613
"2015_1314_1329",0.346,0.654
"2015_1314_1332",0.315,0.685
"2015_1314_1344",0.348,0.652
"2015_1314_1345",0.297,0.703
"2015_1314_1352",0.259,0.741
"2015_1314_1361",0.330,0.670
"2015_1314_1372",0.298,0.702
"2015_1314_1374",0.336,0.664
"2015_1314_1385",0.294,0.706
"2015_1314_1400",0.358,0.642
"2015_1314_1411",0.248,0.752
"2015_1314_1412",0.235,0.765
"2015_1314_1414",0.208,0.792
"2015_1314_1417",0.306,0.694
"2015_1314_1428",0.320,0.680
"2015_1314_1433",0.372,0.628
"2015_1314_1434",0.219,0.781
"2015_1314_1437",0.377,0.623
"2015_1314_1438",0.381,0.619
"2015_1314_1452",0.383,0.617
"2015_1314_1455",0.365,0.635
"2015_1314_1458",0.424,0.576
"2015_1314_1459",0.220,0.780
"2015_1314_1461",0.199,0.801
"2015_1314_1462",0.315,0.685
"2015_1316_1318",0.685,0.315
"2015_1316_1320",0.785,0.215
"2015_1316_1323",0.920,0.080
"2015_1316_1326",0.825,0.175
"2015_1316_1328",0.917,0.083
"2015_1316_1329",0.611,0.389
"2015_1316_1332",0.709,0.291
"2015_1316_1344",0.747,0.253
"2015_1316_1345",0.734,0.266
"2015_1316_1352",0.705,0.295
"2015_1316_1361",0.593,0.407
"2015_1316_1372",0.730,0.270
"2015_1316_1374",0.749,0.251
"2015_1316_1385",0.754,0.246
"2015_1316_1400",0.792,0.208
"2015_1316_1411",0.649,0.351
"2015_1316_1412",0.757,0.243
"2015_1316_1414",0.640,0.360
"2015_1316_1417",0.750,0.250
"2015_1316_1428",0.836,0.164
"2015_1316_1433",0.702,0.298
"2015_1316_1434",0.672,0.328
"2015_1316_1437",0.955,0.045
"2015_1316_1438",0.902,0.098
"2015_1316_1452",0.797,0.203
"2015_1316_1455",0.867,0.133
"2015_1316_1458",0.913,0.087
"2015_1316_1459",0.707,0.293
"2015_1316_1461",0.592,0.408
"2015_1316_1462",0.704,0.296
"2015_1318_1320",0.782,0.218
"2015_1318_1323",0.913,0.087
"2015_1318_1326",0.819,0.181
"2015_1318_1328",0.905,0.095
"2015_1318_1329",0.631,0.369
"2015_1318_1332",0.715,0.285
"2015_1318_1344",0.737,0.263
"2015_1318_1345",0.722,0.278
"2015_1318_1352",0.696,0.304
"2015_1318_1361",0.583,0.417
"2015_1318_1372",0.738,0.262
"2015_1318_1374",0.745,0.255
"2015_1318_1385",0.742,0.258
"2015_1318_1400",0.767,0.233
"2015_1318_1411",0.651,0.349
"2015_1318_1412",0.747,0.253
"2015_1318_1414",0.644,0.356
"2015_1318_1417",0.734,0.266
"2015_1318_1428",0.835,0.165
"2015_1318_1433",0.700,0.300
"2015_1318_1434",0.688,0.312
"2015_1318_1437",0.954,0.046
"2015_1318_1438",0.900,0.100
"2015_1318_1452",0.798,0.202
"2015_1318_1455",0.862,0.138
"2015_1318_1458",0.906,0.094
"2015_1318_1459",0.719,0.281
"2015_1318_1461",0.617,0.383
"2015_1318_1462",0.682,0.318
"2015_1320_1323",0.506,0.494
"2015_1320_1326",0.433,0.567
"2015_1320_1328",0.518,0.482
"2015_1320_1329",0.411,0.589
"2015_1320_1332",0.366,0.634
"2015_1320_1344",0.382,0.618
"2015_1320_1345",0.366,0.634
"2015_1320_1352",0.246,0.754
"2015_1320_1361",0.392,0.608
"2015_1320_1372",0.342,0.658
"2015_1320_1374",0.417,0.583
"2015_1320_1385",0.369,0.631
"2015_1320_1400",0.382,0.618
"2015_1320_1411",0.267,0.733
"2015_1320_1412",0.236,0.764
"2015_1320_1414",0.227,0.773
"2015_1320_1417",0.366,0.634
"2015_1320_1428",0.454,0.546
"2015_1320_1433",0.447,0.553
"2015_1320_1434",0.260,0.740
"2015_1320_1437",0.591,0.409
"2015_1320_1438",0.504,0.496
"2015_1320_1452",0.442,0.558
"2015_1320_1455",0.455,0.545
"2015_1320_1458",0.617,0.383
"2015_1320_1459",0.237,0.763
"2015_1320_1461",0.216,0.784
"2015_1320_1462",0.374,0.626
"2015_1323_1326",0.305,0.695
"2015_1323_1328",0.357,0.643
"2015_1323_1329",0.214,0.786
"2015_1323_1332",0.249,0.751
"2015_1323_1344",0.258,0.742
"2015_1323_1345",0.212,0.788
"2015_1323_1352",0.170,0.830
"2015_1323_1361",0.250,0.750
"2015_1323_1372",0.220,0.780
"2015_1323_1374",0.263,0.737
"2015_1323_1385",0.180,0.820
"2015_1323_1400",0.271,0.729
"2015_1323_1411",0.202,0.798
"2015_1323_1412",0.140,0.860
"2015_1323_1414",0.108,0.892
"2015_1323_1417",0.210,0.790
"2015_1323_1428",0.294,0.706
"2015_1323_1433",0.368,0.632
"2015_1323_1434",0.119,0.881
"2015_1323_1437",0.444,0.556
"2015_1323_1438",0.321,0.679
"2015_1323_1452",0.331,0.669
"2015_1323_1455",0.286,0.714
"2015_1323_1458",0.465,0.535
"2015_1323_1459",0.129,0.871
"2015_1323_1461",0.088,0.912
"2015_1323_1462",0.260,0.740
"2015_1326_1328",0.587,0.413
"2015_1326_1329",0.558,0.442
"2015_1326_1332",0.479,0.521
"2015_1326_1344",0.516,0.484
"2015_1326_1345",0.453,0.547
"2015_1326_1352",0.339,0.661
"2015_1326_1361",0.525,0.475
"2015_1326_1372",0.430,0.570
"2015_1326_1374",0.517,0.483
"2015_1326_1385",0.511,0.489
"2015_1326_1400",0.515,0.485
"2015_1326_1411",0.343,0.657
"2015_1326_1412",0.366,0.634
"2015_1326_1414",0.339,0.661
"2015_1326_1417",0.463,0.537
"2015_1326_1428",0.519,0.481
"2015_1326_1433",0.527,0.473
"2015_1326_1434",0.388,0.612
"2015_1326_1437",0.668,0.332
"2015_1326_1438",0.591,0.409
"2015_1326_1452",0.530,0.470
"2015_1326_1455",0.555,0.445
"2015_1326_1458",0.666,0.334
"2015_1326_1459",0.318,0.682
"2015_1326_1461",0.320,0.680
"2015_1326_1462",0.472,0.528
"2015_1328_1329",0.463,0.537
"2015_1328_1332",0.439,0.561
"2015_1328_1344",0.470,0.530
"2015_1328_1345",0.396,0.604
"2015_1328_1352",0.283,0.717
"2015_1328_1361",0.476,0.524
"2015_1328_1372",0.402,0.598
"2015_1328_1374",0.504,0.496
"2015_1328_1385",0.418,0.582
"2015_1328_1400",0.501,0.499
"2015_1328_1411",0.263,0.737
"2015_1328_1412",0.285,0.715
"2015_1328_1414",0.227,0.773
"2015_1328_1417",0.437,0.563
"2015_1328_1428",0.508,0.492
"2015_1328_1433",0.521,0.479
"2015_1328_1434",0.306,0.694
"2015_1328_1437",0.496,0.504
"2015_1328_1438",0.475,0.525
"2015_1328_1452",0.508,0.492
"2015_1328_1455",0.562,0.438
"2015_1328_1458",0.547,0.453
"2015_1328_1459",0.251,0.749
"2015_1328_1461",0.194,0.806
"2015_1328_1462",0.448,0.552
"2015_1329_1332",0.573,0.427
"2015_1329_1344",0.610,0.390
"2015_1329_1345",0.613,0.387
"2015_1329_1352",0.479,0.521
"2015_1329_1361",0.572,0.428
"2015_1329_1372",0.571,0.429
"2015_1329_1374",0.585,0.415
"2015_1329_1385",0.621,0.379
"2015_1329_1400",0.637,0.363
"2015_1329_1411",0.480,0.520
"2015_1329_1412",0.520,0.480
"2015_1329_1414",0.474,0.526
"2015_1329_1417",0.596,0.404
"2015_1329_1428",0.641,0.359
"2015_1329_1433",0.619,0.381
"2015_1329_1434",0.512,0.488
"2015_1329_1437",0.804,0.196
"2015_1329_1438",0.703,0.297
"2015_1329_1452",0.611,0.389
"2015_1329_1455",0.640,0.360
"2015_1329_1458",0.760,0.240
"2015_1329_1459",0.477,0.523
"2015_1329_1461",0.463,0.537
"2015_1329_1462",0.599,0.401
"2015_1332_1344",0.543,0.457
"2015_1332_1345",0.507,0.493
"2015_1332_1352",0.361,0.639
"2015_1332_1361",0.530,0.470
"2015_1332_1372",0.471,0.529
"2015_1332_1374",0.559,0.441
"2015_1332_1385",0.542,0.458
"2015_1332_1400",0.575,0.425
"2015_1332_1411",0.370,0.630
"2015_1332_1412",0.398,0.602
"2015_1332_1414",0.368,0.632
"2015_1332_1417",0.517,0.483
"2015_1332_1428",0.578,0.422
"2015_1332_1433",0.568,0.432
"2015_1332_1434",0.416,0.584
"2015_1332_1437",0.776,0.224
"2015_1332_1438",0.689,0.311
"2015_1332_1452",0.582,0.418
"2015_1332_1455",0.584,0.416
"2015_1332_1458",0.765,0.235
"2015_1332_1459",0.396,0.604
"2015_1332_1461",0.385,0.615
"2015_1332_1462",0.529,0.471
"2015_1344_1345",0.434,0.566
"2015_1344_1352",0.336,0.664
"2015_1344_1361",0.496,0.504
"2015_1344_1372",0.438,0.562
"2015_1344_1374",0.537,0.463
"2015_1344_1385",0.460,0.540
"2015_1344_1400",0.522,0.478
"2015_1344_1411",0.334,0.666
"2015_1344_1412",0.352,0.648
"2015_1344_1414",0.320,0.680
"2015_1344_1417",0.415,0.585
"2015_1344_1428",0.569,0.431
"2015_1344_1433",0.564,0.436
"2015_1344_1434",0.348,0.652
"2015_1344_1437",0.717,0.283
"2015_1344_1438",0.661,0.339
"2015_1344_1452",0.507,0.493
"2015_1344_1455",0.571,0.429
"2015_1344_1458",0.737,0.263
"2015_1344_1459",0.334,0.666
"2015_1344_1461",0.325,0.675
"2015_1344_1462",0.443,0.557
"2015_1345_1352",0.451,0.549
"2015_1345_1361",0.543,0.457
"2015_1345_1372",0.507,0.493
"2015_1345_1374",0.584,0.416
"2015_1345_1385",0.578,0.422
"2015_1345_1400",0.658,0.342
"2015_1345_1411",0.428,0.572
"2015_1345_1412",0.496,0.504
"2015_1345_1414",0.430,0.570
"2015_1345_1417",0.571,0.429
"2015_1345_1428",0.659,0.341
"2015_1345_1433",0.602,0.398
"2015_1345_1434",0.444,0.556
"2015_1345_1437",0.856,0.144
"2015_1345_1438",0.790,0.210
"2015_1345_1452",0.618,0.382
"2015_1345_1455",0.673,0.327
"2015_1345_1458",0.806,0.194
"2015_1345_1459",0.432,0.568
"2015_1345_1461",0.430,0.570
"2015_1345_1462",0.584,0.416
"2015_1352_1361",0.581,0.419
"2015_1352_1372",0.750,0.250
"2015_1352_1374",0.751,0.249
"2015_1352_1385",0.758,0.242
"2015_1352_1400",0.773,0.227
"2015_1352_1411",0.661,0.339
"2015_1352_1412",0.774,0.226
"2015_1352_1414",0.661,0.339
"2015_1352_1417",0.764,0.236
"2015_1352_1428",0.806,0.194
"2015_1352_1433",0.722,0.278
"2015_1352_1434",0.700,0.300
"2015_1352_1437",0.945,0.055
"2015_1352_1438",0.895,0.105
"2015_1352_1452",0.790,0.210
"2015_1352_1455",0.858,0.142
"2015_1352_1458",0.905,0.095
"2015_1352_1459",0.742,0.258
"2015_1352_1461",0.601,0.399
"2015_1352_1462",0.698,0.302
"2015_1361_1372",0.498,0.502
"2015_1361_1374",0.542,0.458
"2015_1361_1385",0.520,0.480
"2015_1361_1400",0.549,0.451
"2015_1361_1411",0.410,0.590
"2015_1361_1412",0.433,0.567
"2015_1361_1414",0.389,0.611
"2015_1361_1417",0.509,0.491
"2015_1361_1428",0.578,0.422
"2015_1361_1433",0.542,0.458
"2015_1361_1434",0.419,0.581
"2015_1361_1437",0.766,0.234
"2015_1361_1438",0.680,0.320
"2015_1361_1452",0.547,0.453
"2015_1361_1455",0.574,0.426
"2015_1361_1458",0.733,0.267
"2015_1361_1459",0.389,0.611
"2015_1361_1461",0.380,0.620
"2015_1361_1462",0.490,0.510
"2015_1372_1374",0.527,0.473
"2015_1372_1385",0.518,0.482
"2015_1372_1400",0.530,0.470
"2015_1372_1411",0.375,0.625
"2015_1372_1412",0.390,0.610
"2015_1372_1414",0.369,0.631
"2015_1372_1417",0.493,0.507
"2015_1372_1428",0.556,0.444
"2015_1372_1433",0.462,0.538
"2015_1372_1434",0.420,0.580
"2015_1372_1437",0.786,0.214
"2015_1372_1438",0.652,0.348
"2015_1372_1452",0.543,0.457
"2015_1372_1455",0.568,0.432
"2015_1372_1458",0.736,0.264
"2015_1372_1459",0.403,0.597
"2015_1372_1461",0.395,0.605
"2015_1372_1462",0.496,0.504
"2015_1374_1385",0.425,0.575
"2015_1374_1400",0.462,0.538
"2015_1374_1411",0.286,0.714
"2015_1374_1412",0.293,0.707
"2015_1374_1414",0.279,0.721
"2015_1374_1417",0.397,0.603
"2015_1374_1428",0.532,0.468
"2015_1374_1433",0.477,0.523
"2015_1374_1434",0.314,0.686
"2015_1374_1437",0.660,0.340
"2015_1374_1438",0.584,0.416
"2015_1374_1452",0.477,0.523
"2015_1374_1455",0.536,0.464
"2015_1374_1458",0.670,0.330
"2015_1374_1459",0.272,0.728
"2015_1374_1461",0.285,0.715
"2015_1374_1462",0.394,0.606
"2015_1385_1400",0.639,0.361
"2015_1385_1411",0.451,0.549
"2015_1385_1412",0.497,0.503
"2015_1385_1414",0.449,0.551
"2015_1385_1417",0.597,0.403
"2015_1385_1428",0.611,0.389
"2015_1385_1433",0.618,0.382
"2015_1385_1434",0.494,0.506
"2015_1385_1437",0.795,0.205
"2015_1385_1438",0.711,0.289
"2015_1385_1452",0.607,0.393
"2015_1385_1455",0.629,0.371
"2015_1385_1458",0.758,0.242
"2015_1385_1459",0.454,0.546
"2015_1385_1461",0.449,0.551
"2015_1385_1462",0.615,0.385
"2015_1400_1411",0.392,0.608
"2015_1400_1412",0.410,0.590
"2015_1400_1414",0.381,0.619
"2015_1400_1417",0.487,0.513
"2015_1400_1428",0.583,0.417
"2015_1400_1433",0.575,0.425
"2015_1400_1434",0.403,0.597
"2015_1400_1437",0.727,0.273
"2015_1400_1438",0.701,0.299
"2015_1400_1452",0.528,0.472
"2015_1400_1455",0.591,0.409
"2015_1400_1458",0.724,0.276
"2015_1400_1459",0.370,0.630
"2015_1400_1461",0.365,0.635
"2015_1400_1462",0.495,0.505
"2015_1411_1412",0.813,0.187
"2015_1411_1414",0.703,0.297
"2015_1411_1417",0.785,0.215
"2015_1411_1428",0.833,0.167
"2015_1411_1433",0.741,0.259
"2015_1411_1434",0.738,0.262
"2015_1411_1437",0.961,0.039
"2015_1411_1438",0.907,0.093
"2015_1411_1452",0.806,0.194
"2015_1411_1455",0.877,0.123
"2015_1411_1458",0.908,0.092
"2015_1411_1459",0.786,0.214
"2015_1411_1461",0.655,0.345
"2015_1411_1462",0.725,0.275
"2015_1412_1414",0.682,0.318
"2015_1412_1417",0.771,0.229
"2015_1412_1428",0.841,0.159
"2015_1412_1433",0.731,0.269
"2015_1412_1434",0.725,0.275
"2015_1412_1437",0.960,0.040
"2015_1412_1438",0.925,0.075
"2015_1412_1452",0.809,0.191
"2015_1412_1455",0.889,0.111
"2015_1412_1458",0.912,0.088
"2015_1412_1459",0.776,0.224
"2015_1412_1461",0.638,0.362
"2015_1412_1462",0.711,0.289
"2015_1414_1417",0.722,0.278
"2015_1414_1428",0.829,0.171
"2015_1414_1433",0.692,0.308
"2015_1414_1434",0.674,0.326
"2015_1414_1437",0.950,0.050
"2015_1414_1438",0.889,0.111
"2015_1414_1452",0.780,0.220
"2015_1414_1455",0.863,0.137
"2015_1414_1458",0.902,0.098
"2015_1414_1459",0.696,0.304
"2015_1414_1461",0.581,0.419
"2015_1414_1462",0.663,0.337
"2015_1417_1428",0.662,0.338
"2015_1417_1433",0.597,0.403
"2015_1417_1434",0.459,0.541
"2015_1417_1437",0.875,0.125
"2015_1417_1438",0.783,0.217
"2015_1417_1452",0.641,0.359
"2015_1417_1455",0.684,0.316
"2015_1417_1458",0.796,0.204
"2015_1417_1459",0.427,0.573
"2015_1417_1461",0.423,0.577
"2015_1417_1462",0.555,0.445
"2015_1428_1433",0.503,0.497
"2015_1428_1434",0.251,0.749
"2015_1428_1437",0.549,0.451
"2015_1428_1438",0.496,0.504
"2015_1428_1452",0.473,0.527
"2015_1428_1455",0.552,0.448
"2015_1428_1458",0.598,0.402
"2015_1428_1459",0.209,0.791
"2015_1428_1461",0.163,0.837
"2015_1428_1462",0.440,0.560
"2015_1433_1434",0.427,0.573
"2015_1433_1437",0.657,0.343
"2015_1433_1438",0.624,0.376
"2015_1433_1452",0.508,0.492
"2015_1433_1455",0.552,0.448
"2015_1433_1458",0.666,0.334
"2015_1433_1459",0.411,0.589
"2015_1433_1461",0.399,0.601
"2015_1433_1462",0.430,0.570
"2015_1434_1437",0.851,0.149
"2015_1434_1438",0.756,0.244
"2015_1434_1452",0.632,0.368
"2015_1434_1455",0.685,0.315
"2015_1434_1458",0.779,0.221
"2015_1434_1459",0.540,0.460
"2015_1434_1461",0.487,0.513
"2015_1434_1462",0.552,0.448
"2015_1437_1438",0.350,0.650
"2015_1437_1452",0.320,0.680
"2015_1437_1455",0.259,0.741
"2015_1437_1458",0.496,0.504
"2015_1437_1459",0.137,0.863
"2015_1437_1461",0.107,0.893
"2015_1437_1462",0.214,0.786
"2015_1438_1452",0.362,0.638
"2015_1438_1455",0.347,0.653
"2015_1438_1458",0.543,0.457
"2015_1438_1459",0.131,0.869
"2015_1438_1461",0.090,0.910
"2015_1438_1462",0.290,0.710
"2015_1452_1455",0.539,0.461
"2015_1452_1458",0.596,0.404
"2015_1452_1459",0.378,0.622
"2015_1452_1461",0.367,0.633
"2015_1452_1462",0.457,0.543
"2015_1455_1458",0.637,0.363
"2015_1455_1459",0.221,0.779
"2015_1455_1461",0.187,0.813
"2015_1455_1462",0.326,0.674
"2015_1458_1459",0.128,0.872
"2015_1458_1461",0.096,0.904
"2015_1458_1462",0.194,0.806
"2015_1459_1461",0.507,0.493
"2015_1459_1462",0.580,0.420
"2015_1461_1462",0.624,0.376
